mean reward,std reward (seed),std reward (eval),mean train walltime (s),std train walltime (s)
-1608.8389847284636,164.44643112111441,144.9397742711074,17.102193784713744,0.10041978078761732
