Eval mean reward,Eval std,Train walltime (s)
-1477.645985068716,52.433297970837316,23.68402338027954
