mean reward,std reward (seed),std reward (eval),mean train walltime (s),std train walltime (s)
-1148.36273473393,166.28338699011783,242.83822246950928,36.57247428894043,0.23145142502278204
