#{"t_start": 1586177122.5088115, "env_id": "Pendulum-v0"}
r,l,t
-1280.778609,200,0.959937
-872.746213,200,1.165036
-913.401666,200,1.371652
-883.257606,200,1.584139
-1175.943802,200,1.795855
-886.39671,200,2.004317
-885.198922,200,2.617442
-1582.260484,200,2.830467
-1576.925599,200,3.041943
-1512.351502,200,3.254955
-1361.94379,200,3.465453
-1231.896899,200,3.67704
-1570.366531,200,4.257715
-1744.211042,200,4.47088
-1151.162588,200,4.679086
-1294.402774,200,4.895424
-1774.568718,200,5.106856
-1165.568728,200,5.316841
-1076.203002,200,5.893731
-745.922028,200,6.098103
-1519.908647,200,6.305379
-1175.784631,200,6.518297
-1737.688918,200,6.726027
-1736.461558,200,6.931892
-1501.228036,200,7.145457
-1148.274546,200,7.72428
-1346.4112,200,7.932327
-1787.33212,200,8.137009
-1614.785783,200,8.3455
-1556.965923,200,8.562274
-1298.013916,200,8.773787
-1719.896539,200,9.342633
-1500.678209,200,9.550754
-1581.734278,200,9.758239
-1844.757491,200,9.966755
-1222.716839,200,10.176831
-1761.282653,200,10.38129
-1698.378849,200,10.965051
-1765.295518,200,11.172701
-1262.876274,200,11.378765
-1755.634041,200,11.588933
-1227.655368,200,11.801235
-1032.420266,200,12.012878
-1272.426873,200,12.597627
-1434.603229,200,12.809446
-1168.786218,200,13.017705
-1648.505069,200,13.230411
-1202.510442,200,13.438298
-1132.545986,200,13.645692
-1294.121322,200,13.855219
-1366.856588,200,14.426877
-1360.673102,200,14.636312
-1301.63635,200,14.851461
-1279.71897,200,15.061071
-1272.374071,200,15.269583
-1821.018799,200,15.47434
-1452.154276,200,16.049177
-1386.593321,200,16.256139
-1836.211457,200,16.463932
-1633.697682,200,16.678366
-1509.349786,200,16.885929
-1696.545981,200,17.092631
