#{"t_start": 1586177122.5128667, "env_id": "Pendulum-v0"}
r,l,t
-891.275804,200,0.956537
-907.977743,200,1.161561
-1102.04361,200,1.368212
-953.67298,200,1.580776
-1297.888642,200,1.792439
-1236.500771,200,2.000884
-1643.642563,200,2.61398
-1502.050654,200,2.827013
-1335.269688,200,3.038511
-867.453912,200,3.251677
-998.267954,200,3.462008
-856.771753,200,3.673578
-921.93645,200,4.254243
-1152.050288,200,4.467421
-1338.007353,200,4.675644
-1053.438543,200,4.891963
-1157.518161,200,5.103449
-1495.513769,200,5.313392
-875.332177,200,5.890274
-979.176298,200,6.094643
-630.941499,200,6.301918
-1535.423355,200,6.514826
-1358.91295,200,6.722688
-1828.194076,200,6.928464
-1348.748428,200,7.14206
-1589.549198,200,7.720823
-1687.127838,200,7.928861
-1590.782556,200,8.133652
-884.130767,200,8.342036
-1253.577153,200,8.558824
-1459.933422,200,8.770384
-1639.786893,200,9.339179
-1748.963474,200,9.547296
-1536.841147,200,9.754777
-1866.204038,200,9.963288
-1668.452559,200,10.173497
-1373.451811,200,10.37782
-1349.845222,200,10.961636
-1875.124533,200,11.16924
-1827.719557,200,11.375304
-1387.197763,200,11.585518
-1746.945767,200,11.797796
-1071.829167,200,12.009417
-1089.292705,200,12.594177
-1018.789362,200,12.805997
-1189.034585,200,13.014257
-1186.967745,200,13.226984
-1515.120412,200,13.434854
-963.988928,200,13.642226
-1631.064169,200,13.851805
-1392.981606,200,14.423421
-1361.506835,200,14.633062
-1804.642153,200,14.848006
-1356.452306,200,15.057616
-1305.485074,200,15.266131
-1662.275619,200,15.47089
-1383.211286,200,16.046019
-1070.8539,200,16.252762
-1649.246669,200,16.460491
-1830.817287,200,16.67491
-1726.326349,200,16.882468
-1787.340883,200,17.08918
