Eval mean reward,Eval std,Train walltime (s)
-1643.4187003377453,146.63706887424104,17.096312284469604
