#{"t_start": 1586182663.7966888, "env_id": "Pendulum-v0"}
r,l,t
-1113.036333,200,0.997164
-895.468536,200,1.244561
-1532.076825,200,1.497265
-1194.506281,200,1.750561
-1572.177477,200,2.001446
-1772.445066,200,2.251232
-1753.268301,200,3.052517
-1842.277584,200,3.303998
-871.34909,200,3.55762
-942.522902,200,3.814979
-1582.223118,200,4.070088
-1487.936196,200,4.329972
-1346.531517,200,5.118037
-1653.471708,200,5.379105
-1448.64461,200,5.637488
-759.240382,200,5.90149
-1552.798096,200,6.15732
-1818.563378,200,6.403141
-1045.788731,200,7.196527
-1602.774968,200,7.445289
-876.859892,200,7.698522
-1071.066809,200,7.953025
-986.034543,200,8.207236
-1070.168852,200,8.461016
-1733.25969,200,8.712679
-1182.964175,200,9.492031
-1274.964344,200,9.741205
-888.601253,200,9.992907
-1076.824397,200,10.246692
-1066.929535,200,10.499459
-1043.908254,200,10.74949
-868.252099,200,11.544978
-1183.859662,200,11.803199
-1069.200786,200,12.052677
-1231.469906,200,12.303208
-893.199176,200,12.552119
-1110.443696,200,12.806412
-1040.653861,200,13.602674
-1217.592019,200,13.849605
-1400.435767,200,14.105969
-1542.344408,200,14.362721
-1242.032857,200,14.620199
-1184.261959,200,14.864807
-1000.886173,200,15.665501
-908.059822,200,15.930494
-1210.576524,200,16.206363
-1009.669982,200,16.47122
-1250.709342,200,16.726339
-1148.536864,200,16.969555
-1179.235868,200,17.224553
-1062.034487,200,18.024361
-1222.747532,200,18.284281
-1186.690311,200,18.541652
-1341.483451,200,18.790398
-1245.686375,200,19.041821
-1039.27016,200,19.304118
-1485.464658,200,20.101251
-1006.337003,200,20.354282
-1163.154329,200,20.616694
-1150.984208,200,20.896538
-1098.201749,200,21.167709
-1286.826674,200,21.426256
