#{"t_start": 1586182663.7994518, "env_id": "Pendulum-v0"}
r,l,t
-957.682381,200,0.994869
-868.447894,200,1.242256
-1817.25177,200,1.494956
-1305.421164,200,1.748254
-969.34065,200,1.999219
-1649.279204,200,2.248926
-1450.385075,200,3.050219
-893.507356,200,3.301701
-1587.699675,200,3.555323
-1075.481929,200,3.812679
-1254.562541,200,4.067784
-1179.198295,200,4.327666
-1156.003609,200,5.11574
-893.265274,200,5.376892
-1093.0786,200,5.635186
-861.56584,200,5.89919
-866.118251,200,6.155032
-999.396108,200,6.400866
-979.451211,200,7.194248
-848.92064,200,7.443103
-1542.526599,200,7.696226
-1476.23935,200,7.950728
-963.520077,200,8.204939
-1676.669469,200,8.458727
-967.160089,200,8.71039
-911.206645,200,9.489772
-1394.990722,200,9.73891
-955.095036,200,9.990863
-903.431522,200,10.244449
-878.094466,200,10.497167
-900.749537,200,10.747194
-1840.052347,200,11.542692
-1093.452376,200,11.800894
-981.012961,200,12.050376
-1275.007798,200,12.300917
-1071.549754,200,12.549907
-1140.142958,200,12.804114
-1045.866513,200,13.600366
-1440.956544,200,13.84732
-1625.157968,200,14.103676
-1272.627828,200,14.360424
-1054.845098,200,14.617939
-1122.794475,200,14.862531
-1422.607332,200,15.663249
-1564.617424,200,15.9282
-1231.422945,200,16.204268
-1195.851961,200,16.468959
-1300.555306,200,16.724037
-1406.506357,200,16.967248
-1079.743389,200,17.222254
-1214.630689,200,18.022072
-1164.235917,200,18.281975
-1327.144328,200,18.539353
-1023.567362,200,18.788105
-1329.180337,200,19.039516
-1357.414857,200,19.301901
-1193.582599,200,20.098945
-1442.368291,200,20.351986
-1276.239119,200,20.614773
-1336.745202,200,20.89425
-1281.517359,200,21.165655
-1415.684007,200,21.423968
