Eval mean reward,Eval std,Train walltime (s)
-1268.7901166702575,137.20235107126126,21.428142547607422
