Eval mean reward,Eval std,Train walltime (s)
-1299.3105059128675,201.78617840797847,27.792763710021973
