Eval mean reward,Eval std,Train walltime (s)
-1130.0857565030549,154.35896695790757,60.32823991775513
