Eval mean reward,Eval std,Train walltime (s)
-1323.725115101201,218.28900113989354,28.41232466697693
