Eval mean reward,Eval std,Train walltime (s)
-1210.6019520300256,225.15053968420403,80.04490494728088
