Eval mean reward,Eval std,Train walltime (s)
-1270.6086058950796,93.17570246380045,21.283522367477417
