Eval mean reward,Eval std,Train walltime (s)
-1161.4789194929986,296.5904410816601,27.857295274734497
