#{"t_start": 1586176600.7915437, "env_id": "Pendulum-v0"}
r,l,t
-1199.14635,200,0.935586
-938.535975,200,1.134014
-854.384724,200,1.331252
-749.091691,200,1.531278
-861.559153,200,1.729923
-875.530682,200,1.92722
-887.774311,200,2.12757
-1605.901428,200,2.743834
-1586.823967,200,2.947079
-1293.528049,200,3.143094
-1302.476544,200,3.340682
-1106.57084,200,3.53978
-1314.610319,200,3.732584
-1634.334995,200,3.928436
-1191.527261,200,4.498933
-1139.862662,200,4.699995
-1644.168944,200,4.896679
-1121.64587,200,5.091802
-1058.375587,200,5.29107
-1103.386324,200,5.48964
-1584.053392,200,5.691283
-1270.004076,200,6.262418
-1672.410895,200,6.467377
-1802.116015,200,6.66336
-1499.295218,200,6.865683
-1078.475122,200,7.067673
-1169.880813,200,7.264662
-1459.853313,200,7.46682
-1687.573364,200,8.034139
-1164.151432,200,8.228629
-1313.776559,200,8.42468
-1513.126399,200,8.627579
-1240.31842,200,8.827645
-1313.299597,200,9.03016
-1824.907329,200,9.230004
-1143.046754,200,9.806938
-1737.588932,200,10.008215
-1617.987165,200,10.206402
-1412.890776,200,10.403678
-754.968905,200,10.606238
-1759.047587,200,10.802507
-1061.10303,200,10.999165
-1215.542495,200,11.564676
-1662.000223,200,11.766099
-1846.442582,200,11.967915
-1536.131204,200,12.166661
-1806.000253,200,12.366298
-1461.348794,200,12.567313
-1392.136706,200,12.765005
-1373.600601,200,13.343902
-1591.563829,200,13.547007
-1512.85758,200,13.754163
-1405.649787,200,13.955205
-1226.126347,200,14.152654
-1246.533041,200,14.351562
-1750.905987,200,14.554154
-1570.711733,200,14.755346
-1587.256747,200,15.352323
-1763.906631,200,15.551674
-1612.070531,200,15.749772
-1473.615474,200,15.948138
-1500.596112,200,16.143214
-1446.360293,200,16.34195
-1535.509746,200,16.543955
-1814.197927,200,17.113999
-1281.031508,200,17.312667
-1289.847244,200,17.509666
-1726.705303,200,17.711192
-1732.94189,200,17.910737
-1488.158041,200,18.115318
-1737.08872,200,18.314787
