#{"t_start": 1586176600.7925284, "env_id": "Pendulum-v0"}
r,l,t
-1038.051924,200,0.934806
-852.73958,200,1.133236
-1158.165937,200,1.330466
-1219.17142,200,1.530488
-1344.475715,200,1.729137
-968.111244,200,1.926433
-1477.779585,200,2.126785
-1623.700352,200,2.743063
-1501.614835,200,2.946291
-982.726444,200,3.142313
-870.600202,200,3.339895
-1486.851934,200,3.538985
-1712.872696,200,3.731792
-1112.684094,200,3.927644
-1553.661602,200,4.498145
-1284.96112,200,4.699204
-1597.928405,200,4.895891
-1146.554642,200,5.091015
-1745.246689,200,5.290284
-1149.252992,200,5.488852
-1068.984775,200,5.690495
-1183.975003,200,6.261631
-1341.224017,200,6.46663
-1294.257814,200,6.662574
-1446.973644,200,6.864892
-1657.430206,200,7.066881
-639.05993,200,7.263873
-884.790003,200,7.466029
-1787.477172,200,8.033353
-823.667379,200,8.227836
-1204.672895,200,8.42389
-1263.271881,200,8.626793
-1321.384206,200,8.826865
-1316.362461,200,9.029411
-1659.112346,200,9.229214
-1053.364311,200,9.806154
-1135.042803,200,10.007428
-1872.299442,200,10.205612
-898.33907,200,10.402887
-1726.309318,200,10.605472
-1705.402178,200,10.801713
-1008.323113,200,10.998371
-1789.587676,200,11.563903
-1428.839528,200,11.765344
-1470.264529,200,11.967161
-1491.503014,200,12.16587
-1683.802371,200,12.365508
-1498.411808,200,12.566528
-1372.33998,200,12.764216
-1882.266501,200,13.343104
-1460.629251,200,13.546219
-1491.670051,200,13.753369
-1613.006851,200,13.954428
-1645.816072,200,14.151872
-1714.774312,200,14.350776
-1371.472646,200,14.55337
-1671.32327,200,14.754593
-1716.982971,200,15.351556
-1751.06387,200,15.5509
-1297.473362,200,15.748989
-1750.517343,200,15.947345
-1331.329434,200,16.142428
-1321.422639,200,16.34116
-1545.240781,200,16.543169
-1420.563267,200,17.113213
-1259.799506,200,17.311895
-1329.355397,200,17.508876
-1866.947452,200,17.710405
-1736.568984,200,17.90995
-1564.12499,200,18.11453
-1857.94994,200,18.313999
