#{"t_start": 1586176600.7944233, "env_id": "Pendulum-v0"}
r,l,t
-917.469867,200,0.933222
-1747.630874,200,1.13165
-895.599794,200,1.328885
-750.721824,200,1.528904
-1481.541064,200,1.727571
-1683.475739,200,1.924848
-1551.100661,200,2.1252
-871.516096,200,2.741489
-1316.875365,200,2.944705
-1296.023496,200,3.140733
-752.663612,200,3.33831
-882.670055,200,3.537396
-1079.709662,200,3.730203
-1735.411397,200,3.926057
-1179.554394,200,4.496561
-1083.487227,200,4.697621
-1423.964642,200,4.894306
-1765.91462,200,5.089436
-1795.293808,200,5.288708
-1723.210668,200,5.487268
-1174.517283,200,5.688911
-1366.958308,200,6.260049
-1198.411454,200,6.465076
-1355.349829,200,6.660994
-1595.021053,200,6.863307
-1339.604095,200,7.0653
-1480.986786,200,7.262288
-875.668141,200,7.464445
-1655.749474,200,8.031771
-1294.967731,200,8.226272
-1101.498143,200,8.422301
-1545.739307,200,8.625217
-1157.039092,200,8.825294
-1789.990513,200,9.027856
-1574.136433,200,9.227628
-1834.364047,200,9.804576
-1567.704722,200,10.005846
-1058.64363,200,10.204026
-1367.909937,200,10.401308
-1448.140533,200,10.603946
-1341.158529,200,10.800125
-1170.515763,200,10.996782
-1787.152984,200,11.562389
-1360.403898,200,11.763807
-1868.169507,200,11.965601
-1444.909258,200,12.164285
-1424.345035,200,12.363923
-1335.947632,200,12.56495
-1656.059795,200,12.762657
-1527.681233,200,13.341521
-1577.575989,200,13.544669
-1513.805215,200,13.751784
-1660.013639,200,13.952899
-1586.006833,200,14.150296
-1714.702104,200,14.349195
-1355.709805,200,14.55179
-1629.890229,200,14.753293
-1279.413165,200,15.350019
-1326.221403,200,15.549328
-1728.631287,200,15.74741
-1412.324605,200,15.945761
-1225.406425,200,16.140846
-1315.710438,200,16.339579
-1809.840513,200,16.541597
-1670.174114,200,17.111676
-1703.166203,200,17.310315
-1572.021121,200,17.507308
-1838.600114,200,17.708822
-1814.04224,200,17.908362
-1486.66561,200,18.112949
-1572.225874,200,18.312417
