#{"t_start": 1586176600.7953563, "env_id": "Pendulum-v0"}
r,l,t
-778.119692,200,0.932436
-1144.263135,200,1.130863
-1242.210873,200,1.328106
-850.897505,200,1.528121
-1463.125073,200,1.7268
-1179.45841,200,1.924065
-1811.546211,200,2.124429
-1452.434283,200,2.740706
-1577.164645,200,2.943926
-876.331783,200,3.139952
-853.69534,200,3.337628
-965.455204,200,3.53661
-762.328695,200,3.729418
-1078.164193,200,3.925273
-1158.41514,200,4.495778
-647.084315,200,4.696855
-851.953652,200,4.893523
-1370.855905,200,5.088654
-990.367559,200,5.287927
-1147.7163,200,5.486485
-1221.973247,200,5.68813
-1587.931768,200,6.259268
-1388.794917,200,6.464317
-1677.44292,200,6.660215
-1260.903801,200,6.862523
-1759.006269,200,7.064517
-1297.305779,200,7.261505
-1437.377569,200,7.463666
-855.182433,200,8.030988
-1088.311241,200,8.225492
-1316.907508,200,8.421513
-1667.082735,200,8.624435
-1548.137849,200,8.824514
-1262.479465,200,9.02708
-1676.503637,200,9.226844
-1358.013253,200,9.803807
-1321.28451,200,10.005062
-928.500723,200,10.203241
-1777.924946,200,10.400524
-1544.524967,200,10.60317
-1369.599639,200,10.799339
-1716.79855,200,10.995998
-1382.379307,200,11.561663
-1645.881009,200,11.76305
-1693.419373,200,11.964818
-1516.47807,200,12.163501
-1449.498153,200,12.363139
-1750.819213,200,12.56417
-1526.707743,200,12.761876
-1616.847367,200,13.34074
-1473.382509,200,13.543886
-1577.862046,200,13.750996
-1837.620546,200,13.952146
-1272.09673,200,14.149514
-1203.78371,200,14.348409
-1731.855982,200,14.551011
-1465.273653,200,14.752543
-1409.144757,200,15.349263
-1613.751778,200,15.548557
-1759.516808,200,15.74663
-1558.757308,200,15.944978
-1612.007891,200,16.140067
-1742.276541,200,16.338799
-1796.01506,200,16.540822
-1448.164271,200,17.110902
-1822.94945,200,17.309531
-1541.581258,200,17.506527
-1295.739237,200,17.708038
-1638.661133,200,17.907578
-1767.96551,200,18.112164
-1819.530157,200,18.311635
