#{"t_start": 1586176600.79627, "env_id": "Pendulum-v0"}
r,l,t
-876.752187,200,0.931695
-941.054058,200,1.130094
-1060.931959,200,1.327359
-766.804956,200,1.527357
-814.493978,200,1.72604
-884.525039,200,1.923299
-1704.095611,200,2.123668
-968.368848,200,2.739943
-1005.439955,200,2.943161
-746.425621,200,3.139189
-964.88661,200,3.336868
-1419.60395,200,3.535843
-884.645705,200,3.728724
-1487.106985,200,3.924506
-1764.755179,200,4.495031
-1745.896424,200,4.696093
-946.910573,200,4.892781
-1493.762616,200,5.087891
-1628.985345,200,5.287163
-1113.339544,200,5.485719
-1865.807307,200,5.687366
-1762.875592,200,6.258506
-1809.943299,200,6.463558
-1365.000588,200,6.659451
-1800.434368,200,6.861758
-870.031597,200,7.063751
-888.993159,200,7.26075
-1169.45326,200,7.462903
-1776.550914,200,8.030224
-1340.105565,200,8.224756
-1209.378249,200,8.42077
-1320.610962,200,8.623671
-1215.599021,200,8.823752
-1180.392297,200,9.026314
-1395.716824,200,9.226076
-1818.507438,200,9.803046
-1790.059562,200,10.004296
-1088.40906,200,10.202473
-1743.766653,200,10.39976
-1144.267623,200,10.602408
-872.659405,200,10.798571
-1380.194682,200,10.995228
-1465.849188,200,11.560906
-1165.191654,200,11.762318
-1762.453867,200,11.96405
-1617.711716,200,12.162734
-1675.890757,200,12.362374
-1481.870224,200,12.563407
-1689.209899,200,12.761113
-1806.157338,200,13.339976
-1329.808531,200,13.543144
-1535.350467,200,13.750228
-1800.763362,200,13.951396
-1531.117085,200,14.148783
-1356.296742,200,14.347642
-1749.568508,200,14.550245
-1838.937731,200,14.751807
-1666.361204,200,15.348504
-1397.117681,200,15.547816
-1500.881998,200,15.745867
-1225.559402,200,15.944215
-1520.944664,200,16.139305
-1425.106765,200,16.338059
-1408.334794,200,16.540077
-1627.863193,200,17.110173
-1626.273166,200,17.308793
-1376.549723,200,17.505771
-1529.362225,200,17.707274
-1586.2002,200,17.906813
-1714.699251,200,18.111397
-1596.172153,200,18.31087
