Eval mean reward,Eval std,Train walltime (s)
-1701.1404889248922,127.55665999496368,18.315746545791626
