Eval mean reward,Eval std,Train walltime (s)
-1086.7617742862974,277.42334997881807,79.93436408042908
