Eval mean reward,Eval std,Train walltime (s)
-1307.5385142291802,138.6478930339795,60.02157688140869
