#{"t_start": 1586177228.5760443, "env_id": "Pendulum-v0"}
r,l,t
-885.660326,200,0.927135
-1173.280758,200,1.136642
-1070.571794,200,1.343428
-882.584474,200,1.555048
-1203.227702,200,1.762878
-1068.122248,200,1.974756
-1854.363529,200,2.596731
-1600.766224,200,2.813866
-1405.675591,200,3.02106
-887.673673,200,3.234867
-1045.120809,200,3.447052
-941.041625,200,3.655345
-1065.63099,200,4.247248
-1070.187089,200,4.457458
-1192.309154,200,4.66933
-948.212403,200,4.881946
-964.647336,200,5.093744
-1320.807601,200,5.304103
-1076.539561,200,5.905342
-1332.259881,200,6.119205
-1100.645817,200,6.327503
-1709.240625,200,6.536655
-1416.626703,200,6.751699
-1742.130071,200,6.963479
-1586.755703,200,7.17786
-1842.352407,200,7.725696
-1741.51698,200,7.936675
-1831.14494,200,8.152312
-1411.982706,200,8.365168
-1617.268956,200,8.575438
-1582.663575,200,8.78304
-1742.347756,200,9.359522
-1759.993563,200,9.571539
-1318.067979,200,9.780317
-1824.124537,200,9.992459
-1589.648225,200,10.201067
-1343.021588,200,10.414368
-1258.66522,200,10.991038
-1812.295649,200,11.203843
-1698.651752,200,11.413747
-1287.849495,200,11.620536
-1849.334691,200,11.825777
-1044.417766,200,12.032706
-1186.555863,200,12.619826
-1239.459392,200,12.829002
-1075.772595,200,13.036021
-790.436534,200,13.243833
-1492.510186,200,13.453465
-1232.354416,200,13.660459
-1337.079423,200,13.863614
-1004.882256,200,14.444552
-1200.25085,200,14.655895
-1827.664279,200,14.865983
-1073.658853,200,15.081336
-1351.155643,200,15.291602
-1664.139975,200,15.495942
-1324.737787,200,16.071699
-1488.070986,200,16.277174
-1674.343561,200,16.488508
-1815.859487,200,16.700335
-1814.292502,200,16.91289
-1803.176989,200,17.121562
