#{"t_start": 1586177228.5797148, "env_id": "Pendulum-v0"}
r,l,t
-1428.632305,200,0.924054
-1497.361311,200,1.133611
-929.87885,200,1.340493
-953.288888,200,1.551972
-1764.883095,200,1.759796
-1287.466374,200,1.971729
-1070.365423,200,2.593818
-1186.518414,200,2.810793
-974.93902,200,3.018036
-861.177683,200,3.23179
-899.057783,200,3.443983
-1562.123769,200,3.652267
-889.963699,200,4.244188
-958.303561,200,4.454714
-986.109279,200,4.666284
-752.672717,200,4.878857
-1240.733801,200,5.090787
-1112.435546,200,5.301026
-1190.056245,200,5.902326
-1805.223168,200,6.116121
-1732.298303,200,6.324422
-1167.598963,200,6.533695
-1244.279762,200,6.748624
-1401.475692,200,6.960461
-1648.658619,200,7.174829
-1548.635806,200,7.722615
-1901.578632,200,7.933724
-1826.135458,200,8.149271
-1689.683764,200,8.362129
-1671.738509,200,8.572486
-1833.091182,200,8.77997
-1799.22868,200,9.356688
-1542.815971,200,9.568477
-1664.194891,200,9.777256
-1763.717122,200,9.989472
-1560.70271,200,10.198086
-1563.65252,200,10.411298
-1816.11983,200,10.988116
-1713.055675,200,11.200765
-1617.151775,200,11.41069
-1177.196054,200,11.617555
-1321.373285,200,11.822713
-1068.607007,200,12.029653
-758.723266,200,12.616793
-1294.599398,200,12.825948
-1189.551943,200,13.032937
-1298.487805,200,13.240863
-1733.827394,200,13.450397
-1763.319341,200,13.657411
-1069.923599,200,13.86058
-1787.121055,200,14.441532
-1589.191461,200,14.652828
-1753.791273,200,14.862908
-1829.95371,200,15.078263
-1705.738094,200,15.288527
-1337.749596,200,15.492884
-1397.441445,200,16.068656
-1644.214458,200,16.274111
-1760.659521,200,16.485488
-1785.023941,200,16.697331
-1624.534325,200,16.909909
-1581.816829,200,17.118553
