#{"t_start": 1586177228.5806217, "env_id": "Pendulum-v0"}
r,l,t
-1760.765341,200,0.923288
-972.075467,200,1.132861
-734.664186,200,1.33975
-982.805018,200,1.551216
-1174.048771,200,1.759044
-1073.869682,200,1.97097
-1349.804934,200,2.593071
-1277.462568,200,2.810032
-1786.912974,200,3.017289
-1069.456128,200,3.231029
-1555.958774,200,3.443222
-1566.542455,200,3.651505
-894.803052,200,4.243433
-1449.324542,200,4.453978
-902.845466,200,4.665523
-956.59296,200,4.878094
-1850.403042,200,5.090026
-1584.477203,200,5.300265
-1226.603597,200,5.901588
-1133.067518,200,6.115358
-1172.481458,200,6.323659
-1856.355799,200,6.532933
-1277.369098,200,6.747864
-1447.938491,200,6.959698
-1814.128125,200,7.174094
-1128.729522,200,7.721855
-1780.929704,200,7.932966
-1601.494472,200,8.148513
-1523.93873,200,8.361369
-1780.257057,200,8.571821
-1417.244121,200,8.779213
-1508.686631,200,9.355929
-1717.053641,200,9.567719
-1699.334669,200,9.776524
-1291.646286,200,9.988728
-1362.210658,200,10.197333
-1678.099221,200,10.410544
-1774.440681,200,10.987364
-1216.589582,200,11.200003
-1438.541165,200,11.409931
-1056.424914,200,11.616797
-1729.799717,200,11.821955
-970.364252,200,12.028891
-1836.385526,200,12.616039
-752.799072,200,12.825191
-1288.60696,200,13.032216
-1132.129126,200,13.24013
-1527.509508,200,13.44964
-1612.174912,200,13.65665
-989.726798,200,13.859831
-1814.768839,200,14.440776
-1307.470774,200,14.652076
-1174.224793,200,14.862149
-1079.575422,200,15.077502
-1469.044866,200,15.28777
-1257.143528,200,15.492126
-1621.164938,200,16.067918
-1430.32929,200,16.273354
-1664.628011,200,16.484734
-1654.127007,200,16.696578
-1843.535777,200,16.909239
-1654.900615,200,17.117797
