Eval mean reward,Eval std,Train walltime (s)
-1650.338783058366,151.38305959970782,17.124287366867065
