#{"t_start": 1586174500.6601086, "env_id": "Pendulum-v0"}
r,l,t
-888.261166,200,0.907388
-994.191158,200,1.085622
-1608.340968,200,1.267712
-1257.123558,200,1.45135
-1535.903639,200,1.639305
-1583.371881,200,1.823202
-1647.303814,200,2.004489
-1796.534531,200,2.185963
-993.662561,200,2.776607
-902.432173,200,2.962767
-1607.536037,200,3.148495
-1591.089823,200,3.32895
-1296.82727,200,3.512655
-1620.140322,200,3.698351
-1305.68776,200,3.886524
-872.870052,200,4.076525
-1507.404454,200,4.631865
-1799.430264,200,4.818372
-1040.999119,200,5.004736
-1659.326626,200,5.196281
-1213.247201,200,5.381388
-1419.865437,200,5.563498
-1456.71801,200,5.749833
-1446.186695,200,5.939476
-1734.040714,200,6.486492
-1444.436527,200,6.672298
-1449.074682,200,6.857169
-1172.342036,200,7.045473
-1337.347369,200,7.230913
-1338.168769,200,7.415823
-1206.186497,200,7.602097
-1195.374172,200,7.782591
-1214.557094,200,7.964595
-887.960935,200,8.527686
-1288.089807,200,8.708612
-986.85419,200,8.889138
-1083.414342,200,9.073461
-1322.197461,200,9.260142
-900.291909,200,9.446754
-1673.194152,200,9.627818
-1688.05755,200,9.811648
-1359.878202,200,10.36333
-1251.895549,200,10.547202
-1235.808552,200,10.733147
-1204.536614,200,10.917401
-972.972166,200,11.101259
-1288.984371,200,11.281077
-777.760363,200,11.467084
-1311.387795,200,11.647795
-1064.887221,200,12.193786
-1122.343065,200,12.380709
-888.634954,200,12.568167
-1255.051145,200,12.753678
-1225.187649,200,12.937326
-1306.302194,200,13.124116
-1178.665281,200,13.303252
-1264.37537,200,13.48635
-1130.007477,200,13.671061
-1224.713681,200,14.234027
-1220.316742,200,14.415228
-1085.335679,200,14.596863
-1314.508765,200,14.777437
-1192.368111,200,14.962763
-1194.344544,200,15.148468
-1217.256868,200,15.333532
-1192.418898,200,15.524383
-1473.832972,200,16.089754
-860.568533,200,16.271013
-1024.52651,200,16.45422
-1052.239189,200,16.637012
-1071.140386,200,16.827675
-1526.006232,200,17.015088
-1276.453784,200,17.199886
-1315.92941,200,17.381262
-1327.702709,200,17.940815
-1333.140193,200,18.126133
-1299.029048,200,18.308954
-1287.609219,200,18.490335
-1274.084638,200,18.667348
-1149.629481,200,18.852344
-1256.571563,200,19.038779
-1328.877355,200,19.222846
-1384.222978,200,19.406532
