#{"t_start": 1586174500.6628678, "env_id": "Pendulum-v0"}
r,l,t
-1075.668437,200,0.90509
-988.159557,200,1.08346
-1630.772112,200,1.26541
-1489.286548,200,1.449153
-1175.05987,200,1.637007
-1761.913123,200,1.82093
-1491.204504,200,2.002222
-790.145071,200,2.18366
-1470.882014,200,2.774346
-1279.691051,200,2.960465
-759.456535,200,3.14623
-1076.106889,200,3.326663
-1256.496836,200,3.510417
-968.8629,200,3.696131
-996.515559,200,3.884363
-1080.214071,200,4.074253
-860.279745,200,4.629602
-1035.772521,200,4.816068
-862.723088,200,5.002758
-979.80437,200,5.19399
-1659.778504,200,5.379093
-1803.270633,200,5.561201
-1325.022804,200,5.747535
-1842.324193,200,5.937188
-1183.920083,200,6.484196
-1196.910932,200,6.670026
-1595.359579,200,6.854868
-1133.342242,200,7.043207
-1307.716474,200,7.228652
-1112.808685,200,7.413531
-1059.526591,200,7.599806
-1818.376177,200,7.780291
-1374.204476,200,7.962341
-1287.388268,200,8.525383
-1207.021613,200,8.706458
-886.571058,200,8.887074
-1466.735624,200,9.071285
-1096.565316,200,9.257859
-1812.120699,200,9.444453
-1726.712259,200,9.625591
-1272.965153,200,9.809351
-1293.930183,200,10.361287
-1270.608113,200,10.544907
-1691.458991,200,10.730851
-1690.863391,200,10.915117
-889.792649,200,11.09907
-755.278508,200,11.278774
-1687.507788,200,11.464794
-1444.878207,200,11.645504
-1083.937736,200,12.191494
-1170.982169,200,12.378453
-1062.564191,200,12.565873
-1245.273561,200,12.751385
-1137.397821,200,12.935037
-1287.640699,200,13.121825
-1195.306912,200,13.300979
-1228.002084,200,13.484114
-1371.685198,200,13.668774
-1211.81205,200,14.231743
-1272.934137,200,14.412943
-1151.066901,200,14.59458
-1457.805441,200,14.775137
-1192.51891,200,14.960466
-1014.779397,200,15.146246
-1144.171343,200,15.331575
-1083.837524,200,15.522115
-960.21843,200,16.087459
-1005.609827,200,16.268766
-1480.852455,200,16.451926
-1424.251837,200,16.634713
-1047.167297,200,16.825429
-1117.079735,200,17.012931
-1258.277679,200,17.197592
-1304.85248,200,17.378969
-1373.536471,200,17.938563
-1372.46473,200,18.123846
-1372.697462,200,18.306666
-1339.88303,200,18.488055
-1157.286393,200,18.665107
-1192.646931,200,18.850164
-1266.144433,200,19.036485
-1312.798664,200,19.220549
-1345.703857,200,19.404314
