Eval mean reward,Eval std,Train walltime (s)
-1300.2781228831598,108.77280998083178,19.40823483467102
