Eval mean reward,Eval std,Train walltime (s)
-1079.0431916203445,257.3424192231683,60.174582958221436
