Eval mean reward,Eval std,Train walltime (s)
-1232.6950403667986,303.2762780358568,21.302304983139038
