Eval mean reward,Eval std,Train walltime (s)
-1292.9433479713346,66.50492287086156,21.494404315948486
