Eval mean reward,Eval std,Train walltime (s)
-1365.2425803763604,88.6568414110773,23.65715742111206
