mean reward,std reward (seed),std reward (eval),mean train walltime (s),std train walltime (s)
-1254.9319350404635,42.64582695668542,154.39489022129226,21.290243577957153,0.5495888071884938
