#{"t_start": 1586174405.9616416, "env_id": "Pendulum-v0"}
r,l,t
-1285.742974,200,0.920636
-1180.013287,200,1.100827
-1137.354633,200,1.285006
-1198.122394,200,1.468794
-1171.419459,200,1.65106
-1324.436152,200,1.834018
-1649.539884,200,2.014413
-1168.878251,200,2.202474
-1813.694498,200,2.789103
-1067.671523,200,2.973683
-1419.465745,200,3.156428
-1704.02828,200,3.340093
-768.525122,200,3.522184
-1720.473464,200,3.706463
-1157.200001,200,3.891878
-1180.516343,200,4.076407
-1420.64735,200,4.626702
-1455.940172,200,4.811032
-1284.950191,200,4.995609
-970.384365,200,5.18033
-1549.675214,200,5.368861
-1023.024197,200,5.55627
-1370.039304,200,5.738141
-1074.842676,200,5.92491
-1168.337631,200,6.464153
-1621.529563,200,6.651781
-994.975273,200,6.837088
-1167.800585,200,7.023139
-1707.080053,200,7.208379
-1310.083344,200,7.395346
-1372.176327,200,7.580965
-1208.141047,200,7.76499
-757.941296,200,7.950433
-1082.134398,200,8.496032
-1612.503081,200,8.683564
-968.964659,200,8.866045
-941.335039,200,9.05093
-1056.859389,200,9.231502
-1331.667898,200,9.415875
-994.364514,200,9.597299
-1041.36499,200,9.778828
-1171.340272,200,10.330255
-1007.338853,200,10.512913
-1039.597403,200,10.698149
-1200.572056,200,10.881089
-1039.699369,200,11.066705
-1011.230167,200,11.253291
-1228.161489,200,11.435085
-1117.076363,200,11.625027
-1142.212718,200,12.182044
-1018.165492,200,12.363218
-880.603542,200,12.545212
-1563.982872,200,12.731601
-1016.644395,200,12.91362
-1585.540629,200,13.09384
-1071.101402,200,13.273217
-904.111961,200,13.456027
-1079.061376,200,13.637386
-1550.257827,200,14.190104
-1457.261274,200,14.375363
-1339.545057,200,14.558688
-1304.743989,200,14.739977
-1271.323528,200,14.926569
-1318.897186,200,15.104667
-1264.257859,200,15.29207
-1348.313649,200,15.47907
-1409.653899,200,16.02977
-1399.004033,200,16.213139
-1373.291354,200,16.395817
-1371.717563,200,16.582921
-1443.476429,200,16.76967
-1426.429439,200,16.95734
-1466.168446,200,17.142603
-1511.542223,200,17.331069
-1470.214068,200,17.883229
-1443.571032,200,18.067871
-1432.775592,200,18.253293
-1412.28904,200,18.436317
-1522.781282,200,18.618979
-1450.638339,200,18.799105
-1387.663828,200,18.98436
-1332.48022,200,19.166806
-1309.291353,200,19.353393
