Eval mean reward,Eval std,Train walltime (s)
-1305.239062965967,67.24614231845203,19.356104850769043
