Eval mean reward,Eval std,Train walltime (s)
-1169.2355721273434,259.9335273753626,59.925254106521606
