Eval mean reward,Eval std,Train walltime (s)
-1433.8095088646771,68.43717184227553,23.865239143371582
