Eval mean reward,Eval std,Train walltime (s)
-1219.8445808465767,224.3030773290918,27.924556255340576
