mean reward,std reward (seed),std reward (eval),mean train walltime (s),std train walltime (s)
-1154.1428182683621,117.97025616941899,203.44509682522477,60.187317276000975,0.5412941124903647
