#{"t_start": 1586177079.8790853, "env_id": "Pendulum-v0"}
r,l,t
-1615.227098,200,0.949361
-1237.629724,200,1.155782
-1597.095278,200,1.368151
-1184.981412,200,1.577316
-747.173353,200,1.785337
-1570.090088,200,1.9922
-1232.389161,200,2.616887
-1154.173015,200,2.830362
-1169.844385,200,3.041125
-887.104752,200,3.248734
-1251.04356,200,3.4608
-1823.729739,200,3.67415
-1098.545756,200,4.248292
-1871.493253,200,4.465011
-1643.521701,200,4.675406
-1394.986765,200,4.885022
-1483.480979,200,5.096891
-1050.277205,200,5.304992
-1446.150793,200,5.896699
-878.243185,200,6.106376
-1287.146874,200,6.318017
-1728.808272,200,6.525723
-1540.185338,200,6.743761
-1733.962022,200,6.95974
-1065.192703,200,7.170521
-1070.863529,200,7.769152
-1723.827322,200,7.981475
-1280.430615,200,8.192223
-1748.041402,200,8.400963
-1365.953919,200,8.613086
-1436.99335,200,8.823903
-1211.884034,200,9.40974
-1824.524384,200,9.623506
-1390.657426,200,9.838272
-1385.055656,200,10.051706
-1312.044095,200,10.263436
-1628.480297,200,10.473384
-1244.810341,200,11.058254
-1484.506504,200,11.268926
-1580.862045,200,11.481191
-893.461266,200,11.691199
-866.90332,200,11.900336
-1281.532869,200,12.108704
-1344.441971,200,12.685138
-1736.519222,200,12.895571
-1338.653619,200,13.102015
-1544.89775,200,13.315705
-1568.177923,200,13.52592
-1737.911543,200,13.733703
-1277.695628,200,13.946752
-1488.253464,200,14.53509
-1709.796838,200,14.752778
-1438.425164,200,14.96572
-1811.936707,200,15.18328
-1714.539133,200,15.39294
-1501.565865,200,15.597696
-1518.016595,200,16.181365
-1652.189714,200,16.391786
-1786.125392,200,16.603849
-1537.615096,200,16.814659
-1685.365919,200,17.026535
-1727.546137,200,17.239889
