#{"t_start": 1586177079.881125, "env_id": "Pendulum-v0"}
r,l,t
-1095.566331,200,0.947713
-883.883295,200,1.154101
-1168.247739,200,1.366464
-1176.209867,200,1.575634
-1289.430526,200,1.783647
-1070.501188,200,1.990525
-1567.107341,200,2.615205
-878.131028,200,2.828694
-1025.454914,200,3.039438
-845.383334,200,3.247062
-856.527426,200,3.459118
-1823.545545,200,3.672467
-1260.359673,200,4.246611
-1157.831271,200,4.463335
-1746.585441,200,4.673903
-1805.242989,200,4.88334
-760.803754,200,5.095534
-1374.871237,200,5.303316
-1493.448829,200,5.895032
-1648.062194,200,6.104691
-849.179647,200,6.316337
-972.100829,200,6.524187
-1401.804597,200,6.742162
-1170.805411,200,6.958062
-1537.027909,200,7.168841
-1300.583956,200,7.767484
-1471.475782,200,7.979828
-1056.012446,200,8.19055
-1173.568613,200,8.39934
-1354.51089,200,8.611407
-1695.886346,200,8.822222
-1093.881608,200,9.408325
-1500.563592,200,9.621827
-1241.81233,200,9.836592
-1616.133899,200,10.050034
-1599.659135,200,10.262052
-1629.19257,200,10.471714
-1464.615253,200,11.056576
-1194.522661,200,11.267258
-1487.160846,200,11.479533
-1476.339736,200,11.689542
-1305.516459,200,11.898654
-887.258896,200,12.107028
-1765.440708,200,12.683468
-975.969965,200,12.893915
-1246.54473,200,13.100333
-1359.051904,200,13.314027
-1848.524221,200,13.52425
-1843.046642,200,13.732057
-1805.707684,200,13.945087
-1518.847126,200,14.533408
-1798.928652,200,14.751129
-1454.270463,200,14.964168
-1832.384213,200,15.181606
-1664.801807,200,15.391563
-1818.092497,200,15.596036
-1436.74831,200,16.179694
-1591.328431,200,16.390118
-1735.543726,200,16.602176
-1683.510131,200,16.812979
-1739.178593,200,17.024858
-1702.374954,200,17.238228
