#{"t_start": 1586177079.883085, "env_id": "Pendulum-v0"}
r,l,t
-882.61222,200,0.946123
-767.301404,200,1.152446
-1561.607537,200,1.364859
-1286.433461,200,1.574002
-1397.961364,200,1.782026
-1511.931247,200,1.988873
-1802.818672,200,2.613545
-1841.78917,200,2.827043
-964.884608,200,3.037781
-924.917498,200,3.245409
-1523.620174,200,3.457473
-1475.810552,200,3.670816
-1359.144739,200,4.244964
-1743.771444,200,4.461681
-1612.817161,200,4.672342
-898.534958,200,4.881688
-1782.948665,200,5.09391
-1778.852891,200,5.301666
-1184.331697,200,5.893382
-1656.433776,200,6.103032
-880.909642,200,6.314681
-1232.568824,200,6.522686
-1272.517271,200,6.740627
-1164.808402,200,6.956417
-1711.99662,200,7.167189
-1279.672744,200,7.765887
-1357.93253,200,7.978184
-1114.706667,200,8.1889
-1176.214611,200,8.397758
-1312.269602,200,8.609756
-1440.395112,200,8.820567
-1087.336529,200,9.406674
-1179.798938,200,9.620178
-1137.881762,200,9.834939
-1574.268575,200,10.048384
-1351.51138,200,10.26042
-1530.186447,200,10.470191
-1440.16298,200,11.054926
-1073.586341,200,11.26562
-1870.557096,200,11.477913
-1782.810282,200,11.687919
-1647.918845,200,11.897001
-1073.669654,200,12.105375
-1181.883538,200,12.681837
-1533.396504,200,12.89234
-1122.803251,200,13.098679
-1614.533749,200,13.312376
-1431.55034,200,13.522623
-1661.42578,200,13.730401
-1640.255628,200,13.943441
-1473.696166,200,14.531757
-1417.949079,200,14.74951
-1801.66853,200,14.962628
-1509.355232,200,15.179959
-1591.477107,200,15.389961
-1683.038989,200,15.594386
-1786.112637,200,16.178085
-1728.928773,200,16.388474
-1687.854055,200,16.60053
-1800.805267,200,16.811329
-1576.583632,200,17.023207
-1836.673626,200,17.236573
