#{"t_start": 1586177079.8840497, "env_id": "Pendulum-v0"}
r,l,t
-1171.170039,200,0.945319
-972.246067,200,1.151631
-847.887431,200,1.364053
-879.659218,200,1.573191
-1271.864364,200,1.781211
-956.748637,200,1.988061
-1075.428887,200,2.612731
-1796.871022,200,2.82623
-1655.481129,200,3.036995
-1471.277674,200,3.244596
-1331.693837,200,3.456664
-1214.552557,200,3.670002
-1488.4852,200,4.244154
-1580.436551,200,4.460871
-1172.608309,200,4.671532
-1259.613441,200,4.881025
-1662.61913,200,5.093107
-864.06484,200,5.300873
-896.501036,200,5.892571
-1024.471346,200,6.102216
-1379.772029,200,6.313865
-850.688392,200,6.521882
-1545.589189,200,6.739846
-1742.033509,200,6.955606
-1428.869225,200,7.166378
-1120.58731,200,7.765079
-1258.412647,200,7.97737
-1663.601951,200,8.188087
-1805.235597,200,8.396975
-1456.485068,200,8.608972
-1253.195324,200,8.819751
-1444.533306,200,9.40586
-1286.042738,200,9.619364
-1184.65486,200,9.834126
-1825.419184,200,10.047572
-1062.860982,200,10.259609
-1639.015999,200,10.469379
-1733.261217,200,11.054116
-1704.417585,200,11.264808
-1063.085197,200,11.477106
-1637.087486,200,11.687113
-962.24046,200,11.896187
-989.369406,200,12.104572
-1269.347361,200,12.681061
-1655.290239,200,12.891533
-1612.160099,200,13.097865
-1718.047823,200,13.311562
-1489.862015,200,13.521817
-1304.932967,200,13.729586
-1461.651691,200,13.94263
-1626.040425,200,14.530943
-1690.698983,200,14.748701
-1404.581828,200,14.961822
-1583.067804,200,15.179147
-1498.091364,200,15.389154
-1799.310935,200,15.593573
-1689.740379,200,16.177273
-1556.8838,200,16.387673
-1833.794655,200,16.599719
-1609.387372,200,16.810514
-1615.846449,200,17.022393
-1709.557253,200,17.235757
