Eval mean reward,Eval std,Train walltime (s)
-1710.0799751679413,109.15797020770687,17.24101686477661
