Eval mean reward,Eval std,Train walltime (s)
-1381.9576740135903,126.80650361610644,36.400146484375
