Eval mean reward,Eval std,Train walltime (s)
-1243.727619365923,167.30307737678072,23.651440382003784
