Eval mean reward,Eval std,Train walltime (s)
-1184.3234078981195,214.39116761832,80.4216480255127
