Eval mean reward,Eval std,Train walltime (s)
-1332.642598051261,54.319610161624034,19.350173711776733
