#{"t_start": 1586182536.3692946, "env_id": "Pendulum-v0"}
r,l,t
-1300.535897,200,0.975863
-1524.72868,200,1.224423
-1168.346672,200,1.472523
-1719.261693,200,1.718447
-1173.081475,200,1.96248
-1658.169495,200,2.206232
-1280.87686,200,3.007389
-1446.194085,200,3.253705
-729.019407,200,3.499804
-1291.876438,200,3.745239
-894.109727,200,3.994901
-1319.289591,200,4.244072
-1752.405013,200,5.005887
-1491.039151,200,5.25465
-1175.24593,200,5.506239
-1592.822013,200,5.756815
-1080.391246,200,6.001317
-887.953127,200,6.254121
-864.725622,200,7.031289
-1471.786409,200,7.278408
-1447.455718,200,7.523819
-1075.984442,200,7.773195
-802.015377,200,8.022666
-1475.370095,200,8.271155
-1066.122028,200,8.521274
-1084.70289,200,9.30047
-1184.639162,200,9.548209
-974.810924,200,9.799648
-1045.710931,200,10.046222
-981.92854,200,10.298625
-1051.685344,200,10.552199
-1013.790765,200,11.308616
-1059.579128,200,11.555304
-1097.452175,200,11.804936
-1015.647718,200,12.052299
-1119.84676,200,12.304649
-1008.210921,200,12.558261
-941.229941,200,13.363172
-1095.548971,200,13.609191
-1025.433617,200,13.856689
-1083.092499,200,14.108403
-1473.034576,200,14.358504
-1129.105331,200,14.612695
-1033.881263,200,15.390775
-1173.425458,200,15.650683
-1725.820535,200,15.90729
-1225.886469,200,16.16278
-1457.335772,200,16.423029
-1200.605864,200,16.68797
-1446.800217,200,16.944144
-1242.165242,200,17.743434
-1205.883278,200,17.994483
-1146.401217,200,18.241455
-1045.651694,200,18.485501
-1396.752566,200,18.736761
-1117.285213,200,18.984894
-1163.007639,200,19.787788
-1194.178669,200,20.047414
-1296.435192,200,20.322927
-1221.709277,200,20.577638
-1467.318888,200,20.835828
-1194.823975,200,21.087408
