#{"t_start": 1586182536.3702152, "env_id": "Pendulum-v0"}
r,l,t
-1261.383555,200,0.975101
-760.28878,200,1.22407
-1596.669234,200,1.471763
-1175.84218,200,1.717686
-886.065955,200,1.961717
-1593.794326,200,2.205466
-1330.409962,200,3.006624
-1049.448005,200,3.252938
-1279.109882,200,3.499048
-869.498402,200,3.744558
-1180.511378,200,3.994133
-1687.87941,200,4.243309
-804.075353,200,5.005124
-1521.378488,200,5.253887
-1519.090257,200,5.505487
-1299.404893,200,5.756053
-1409.161106,200,6.000553
-868.685461,200,6.253687
-1624.283566,200,7.030526
-1072.689002,200,7.277648
-1175.515763,200,7.523068
-1763.423351,200,7.772447
-1484.847784,200,8.021904
-1718.323926,200,8.270408
-965.930981,200,8.520515
-1050.255192,200,9.29971
-1686.043092,200,9.547507
-1345.212294,200,9.798889
-1560.481367,200,10.045459
-1322.572737,200,10.297893
-854.182915,200,10.551438
-1189.554318,200,11.308066
-1764.375237,200,11.55457
-1032.202692,200,11.804178
-1149.032189,200,12.051542
-1081.896602,200,12.303886
-1465.927228,200,12.557502
-1181.628203,200,13.362413
-1058.232244,200,13.608429
-1375.737951,200,13.855933
-1204.473423,200,14.107651
-901.683113,200,14.35774
-1185.777576,200,14.611935
-1310.301103,200,15.39001
-1771.249307,200,15.649926
-1076.415885,200,15.906526
-963.860952,200,16.162016
-887.061141,200,16.422542
-1407.912936,200,16.687223
-1133.096043,200,16.943382
-922.051892,200,17.74267
-1230.954855,200,17.99372
-1093.672238,200,18.240732
-1492.056027,200,18.484739
-1160.160735,200,18.736001
-1203.150207,200,18.984141
-1305.617207,200,19.787033
-1038.879796,200,20.046651
-1829.378751,200,20.322169
-1201.809901,200,20.576877
-1028.000303,200,20.835079
-1126.392838,200,21.086644
