#{"t_start": 1586182536.3712375, "env_id": "Pendulum-v0"}
r,l,t
-1182.719626,200,0.974228
-945.89193,200,1.223202
-1069.438034,200,1.47089
-1168.040525,200,1.716815
-1211.626627,200,1.960847
-1368.124604,200,2.204593
-1699.34696,200,3.005885
-1293.775665,200,3.252063
-1586.993027,200,3.498178
-881.495547,200,3.743751
-1414.899786,200,3.993263
-1573.90081,200,4.242436
-933.68486,200,5.004254
-1685.132443,200,5.253015
-843.039956,200,5.50464
-1306.065706,200,5.755184
-1319.562083,200,5.999723
-1315.341622,200,6.252821
-1399.535772,200,7.029685
-877.832205,200,7.276809
-1439.719986,200,7.522209
-888.493888,200,7.771583
-994.740514,200,8.021033
-706.516988,200,8.269574
-1157.544303,200,8.519648
-1459.970576,200,9.29884
-888.489703,200,9.546643
-1095.407804,200,9.798019
-1615.990575,200,10.044588
-1092.023842,200,10.297059
-1368.749745,200,10.550568
-932.125126,200,11.307195
-1140.261134,200,11.55376
-1139.357112,200,11.80333
-1759.478011,200,12.050671
-1138.616128,200,12.303016
-878.588156,200,12.556634
-905.172107,200,13.361545
-1286.078298,200,13.607564
-1004.227241,200,13.855066
-1102.507242,200,14.10678
-1010.984738,200,14.356867
-1156.566819,200,14.611068
-1047.591222,200,15.389135
-1415.214842,200,15.64911
-1015.628854,200,15.905655
-1060.810276,200,16.161146
-992.673788,200,16.4217
-1233.338212,200,16.686377
-1014.036248,200,16.94251
-1071.683313,200,17.741834
-896.808946,200,17.992849
-1472.695502,200,18.23988
-1178.213308,200,18.483867
-1639.485034,200,18.735129
-1010.245442,200,18.98328
-1245.095058,200,19.786181
-1166.78178,200,20.045812
-1382.004375,200,20.321302
-1609.106632,200,20.576008
-1244.006838,200,20.834239
-1246.569164,200,21.085807
