#{"t_start": 1586182536.3731165, "env_id": "Pendulum-v0"}
r,l,t
-1429.569232,200,0.972642
-879.372092,200,1.221668
-1210.381744,200,1.469301
-1346.971198,200,1.71523
-959.922466,200,1.959262
-617.714586,200,2.203004
-1410.317469,200,3.004319
-1478.54051,200,3.250476
-1168.052997,200,3.496598
-866.298968,200,3.742265
-753.579651,200,3.991724
-842.263905,200,4.240853
-1091.930221,200,5.002671
-976.221086,200,5.251431
-1610.761599,200,5.503069
-1785.165206,200,5.7536
-1105.633858,200,5.998205
-1471.125905,200,6.251265
-1393.105501,200,7.028121
-1221.884557,200,7.275266
-1027.665783,200,7.520653
-1473.804303,200,7.770008
-982.010881,200,8.019472
-1732.197629,200,8.268074
-1286.069644,200,8.51809
-1302.810386,200,9.297261
-1299.280452,200,9.545067
-929.111463,200,9.796435
-1041.007807,200,10.043008
-906.336006,200,10.295513
-1380.334278,200,10.548986
-1450.963862,200,11.305614
-1088.623678,200,11.552181
-1210.513622,200,11.801779
-1176.370609,200,12.049092
-1165.030886,200,12.301434
-930.95562,200,12.555061
-1089.145632,200,13.359997
-1329.514479,200,13.605989
-763.082552,200,13.853491
-1003.134456,200,14.105196
-1062.934751,200,14.355327
-1059.866637,200,14.609496
-941.568216,200,15.387556
-1251.739259,200,15.647684
-1443.057511,200,15.904115
-959.319589,200,16.159568
-1450.062823,200,16.420123
-1212.915321,200,16.684847
-1232.373615,200,16.940928
-1333.865707,200,17.740259
-1143.369832,200,17.991264
-1051.298533,200,18.23835
-1547.627177,200,18.482281
-1178.128627,200,18.733549
-1315.937394,200,18.981758
-1208.304196,200,19.784615
-1013.383729,200,20.044266
-1519.176326,200,20.319739
-1101.940732,200,20.57443
-1089.286726,200,20.832672
-1133.008083,200,21.084227
