#{"t_start": 1586182536.374114, "env_id": "Pendulum-v0"}
r,l,t
-1203.216427,200,0.971792
-1028.434397,200,1.220897
-1506.360995,200,1.468449
-1161.67595,200,1.714376
-1502.022008,200,1.958411
-1703.671391,200,2.202152
-1752.042064,200,3.003481
-1699.496427,200,3.249623
-966.27138,200,3.49575
-878.523161,200,3.741417
-1504.932676,200,3.990938
-1464.285809,200,4.240001
-1211.915568,200,5.00182
-1850.835227,200,5.250582
-1328.729705,200,5.502221
-980.212451,200,5.75275
-1679.874429,200,5.997393
-1877.445854,200,6.250437
-997.312402,200,7.027279
-1663.109334,200,7.274429
-845.210426,200,7.519805
-1175.722155,200,7.769161
-1159.504322,200,8.018631
-1072.449053,200,8.267229
-1579.746011,200,8.517255
-1211.266418,200,9.296411
-1209.706116,200,9.544261
-895.959697,200,9.795584
-884.553005,200,10.042158
-857.983307,200,10.294669
-975.514306,200,10.548138
-769.220687,200,11.304768
-1149.418569,200,11.551338
-1061.753295,200,11.800936
-1106.598323,200,12.048244
-1044.640962,200,12.300637
-1000.228194,200,12.554218
-1108.262459,200,13.359146
-1190.148554,200,13.605141
-1682.326427,200,13.852639
-1831.970247,200,14.104344
-1261.530944,200,14.354491
-1141.476174,200,14.60865
-1041.913524,200,15.386705
-1321.222059,200,15.646873
-881.773246,200,15.903275
-1035.881012,200,16.158726
-770.368214,200,16.419291
-1283.794525,200,16.684035
-1094.311964,200,16.940077
-1195.699172,200,17.739412
-1146.67596,200,17.990413
-1513.792073,200,18.237501
-1092.354293,200,18.481429
-1200.678491,200,18.732698
-1199.278729,200,18.980937
-1399.825544,200,19.783776
-1095.36141,200,20.043442
-1222.711462,200,20.318922
-1151.495508,200,20.573581
-1154.613938,200,20.831826
-1497.552545,200,21.08338
