#{"t_start": 1586182536.3750207, "env_id": "Pendulum-v0"}
r,l,t
-829.260951,200,0.971029
-756.701597,200,1.22023
-820.645446,200,1.467692
-900.370857,200,1.713615
-1171.674449,200,1.95765
-741.827276,200,2.201391
-889.193661,200,3.002723
-1732.078686,200,3.248859
-1681.88711,200,3.494991
-1294.910078,200,3.740655
-1168.965844,200,3.990206
-1233.709716,200,4.239241
-1408.237847,200,5.001059
-1525.30233,200,5.249823
-1217.342595,200,5.501463
-1217.331855,200,5.75199
-1689.16419,200,5.996676
-867.463251,200,6.250159
-800.099913,200,7.026527
-899.756012,200,7.273688
-1583.106262,200,7.519045
-976.751203,200,7.768404
-1343.532887,200,8.017915
-1670.839777,200,8.266474
-1314.664517,200,8.516499
-1002.305878,200,9.295652
-1027.906332,200,9.543506
-1372.00474,200,9.794823
-1556.078161,200,10.041399
-1058.334922,200,10.293951
-1092.827661,200,10.54738
-1113.930575,200,11.304009
-1031.055006,200,11.550579
-1175.815146,200,11.800179
-1491.313819,200,12.047486
-1053.415209,200,12.299975
-1391.521556,200,12.553462
-1586.091917,200,13.358387
-1145.481855,200,13.604387
-1069.77916,200,13.851876
-1608.275129,200,14.103582
-1051.573865,200,14.353766
-1150.386471,200,14.607893
-1252.448386,200,15.385984
-1401.618252,200,15.646122
-977.123498,200,15.902521
-1561.940323,200,16.158
-1030.646656,200,16.418577
-1106.373984,200,16.683318
-1059.450573,200,16.939318
-919.44499,200,17.738653
-881.409144,200,17.989652
-1200.728728,200,18.236742
-1334.424429,200,18.480667
-1133.259407,200,18.731939
-1076.594329,200,18.980245
-1023.222344,200,19.783028
-1241.444133,200,20.042695
-1790.391327,200,20.318172
-1185.64216,200,20.572822
-1069.927127,200,20.83107
-1149.748589,200,21.082621
