Eval mean reward,Eval std,Train walltime (s)
-1268.7120515528309,187.83090146378564,21.089444160461426
