Eval mean reward,Eval std,Train walltime (s)
-1126.3992310123379,294.35346899328067,36.88125395774841
