Eval mean reward,Eval std,Train walltime (s)
-1286.699560627797,108.56426756610588,28.052549362182617
