mean reward,std reward (seed),std reward (eval),mean train walltime (s),std train walltime (s)
-1377.9392034087944,195.39702310440595,106.39132513340788,21.214852857589722,0.17537158449552007
