Eval mean reward,Eval std,Train walltime (s)
-1262.6083175621782,123.59838746033859,23.990569591522217
