#{"t_start": 1586176578.5608082, "env_id": "Pendulum-v0"}
r,l,t
-1231.086046,200,0.917936
-1067.326001,200,1.112829
-1160.905403,200,1.308619
-1183.984675,200,1.511842
-1508.844346,200,1.71001
-765.567193,200,1.907017
-1549.966067,200,2.104022
-1408.377071,200,2.720772
-1326.461888,200,2.917011
-890.640256,200,3.114418
-913.832501,200,3.308583
-1644.90009,200,3.504639
-1638.018516,200,3.702093
-1333.210801,200,3.893823
-1623.137195,200,4.462775
-1087.562576,200,4.65818
-1846.293247,200,4.85638
-1156.42094,200,5.059632
-1652.997167,200,5.257557
-1159.771592,200,5.456983
-1101.790778,200,5.654106
-967.222218,200,6.217089
-1308.586031,200,6.412083
-1311.617323,200,6.611066
-1222.752597,200,6.808401
-1791.416923,200,7.003526
-1079.211304,200,7.205228
-1087.617165,200,7.403617
-1654.261903,200,7.981604
-943.647974,200,8.181147
-984.820279,200,8.375484
-911.187505,200,8.570158
-906.60938,200,8.76671
-1158.848096,200,8.965207
-1237.532412,200,9.165699
-1160.58628,200,9.745761
-1071.874057,200,9.942377
-1638.793063,200,10.136744
-905.431513,200,10.329307
-1706.678127,200,10.524172
-1502.7847,200,10.721662
-863.217564,200,10.920031
-1579.818804,200,11.477595
-851.569043,200,11.671325
-1255.783711,200,11.865635
-1068.567437,200,12.064041
-1187.117771,200,12.263719
-1310.274,200,12.461524
-1085.062715,200,12.659602
-1558.376034,200,13.228637
-1288.027639,200,13.421872
-1191.023916,200,13.618084
-1308.072348,200,13.820929
-1229.347579,200,14.021859
-1347.203328,200,14.212345
-1194.502948,200,14.405816
-1003.071549,200,14.599797
-1233.770706,200,15.164246
-1356.563809,200,15.355784
-1057.517922,200,15.548563
-1558.410125,200,15.742366
-1127.233579,200,15.93713
-1047.568312,200,16.136429
-1168.254176,200,16.333478
-1163.505603,200,16.903739
-1325.034276,200,17.099724
-1203.692287,200,17.299515
-1284.560707,200,17.493106
-1170.162512,200,17.688989
-1268.878762,200,17.888547
-1297.451015,200,18.091391
