#{"t_start": 1586176578.56356, "env_id": "Pendulum-v0"}
r,l,t
-926.032565,200,0.915645
-870.950062,200,1.110525
-1182.893124,200,1.306314
-862.611366,200,1.509559
-1378.069453,200,1.707719
-1197.9273,200,1.904763
-1760.450533,200,2.101736
-1555.134937,200,2.718582
-1284.393829,200,2.914733
-947.709458,200,3.11213
-867.170044,200,3.306276
-1061.025149,200,3.502425
-888.693149,200,3.699788
-967.006238,200,3.891603
-1198.95581,200,4.460467
-956.054469,200,4.655899
-980.852706,200,4.854076
-1158.452764,200,5.057373
-909.577675,200,5.255276
-974.190934,200,5.4547
-953.545812,200,5.651791
-1519.567063,200,6.214783
-1247.307265,200,6.409957
-1607.315218,200,6.608768
-1206.696543,200,6.806106
-1621.178768,200,7.001223
-1675.334971,200,7.202924
-1468.25484,200,7.401319
-1064.373154,200,7.979299
-1063.786932,200,8.178844
-1006.803815,200,8.373191
-1073.385062,200,8.567881
-994.748768,200,8.764409
-1166.854459,200,8.962907
-1355.019395,200,9.163398
-1128.842469,200,9.74345
-1035.161552,200,9.940068
-1038.792583,200,10.134466
-1822.887755,200,10.327009
-1601.170851,200,10.521865
-1176.536946,200,10.719367
-1629.892662,200,10.917753
-999.38549,200,11.475289
-1114.780134,200,11.669029
-1286.80212,200,11.863321
-1289.06145,200,12.061767
-1164.222591,200,12.261537
-1392.358048,200,12.459255
-1180.292767,200,12.65731
-1598.373175,200,13.226335
-1234.032181,200,13.419624
-1104.392614,200,13.615779
-1628.979797,200,13.818632
-855.779007,200,14.019561
-958.274659,200,14.210035
-1180.176425,200,14.403519
-1075.771523,200,14.597534
-1064.984699,200,15.161937
-1198.623768,200,15.353515
-1472.876777,200,15.546257
-1300.449296,200,15.740073
-1223.965909,200,15.934838
-1255.984252,200,16.134127
-1242.115856,200,16.331171
-1175.754089,200,16.901532
-1154.769799,200,17.097447
-1225.929182,200,17.297203
-1047.497885,200,17.490804
-1155.950408,200,17.686698
-1274.310259,200,17.886242
-1289.615616,200,18.089087
