Eval mean reward,Eval std,Train walltime (s)
-1373.001338978773,58.67299892785168,18.093883752822876
