mean reward,std reward (seed),std reward (eval),mean train walltime (s),std train walltime (s)
-1549.2426799743441,211.8209144851661,90.20629594665726,19.385625672340392,0.1014295247957988
