#{"t_start": 1586177186.3684072, "env_id": "Pendulum-v0"}
r,l,t
-1000.956325,200,0.946172
-921.826467,200,1.156562
-1174.87859,200,1.365518
-1211.32447,200,1.570898
-1424.251687,200,1.778194
-750.887341,200,1.98767
-1508.861872,200,2.600614
-1289.317095,200,2.811594
-1563.549913,200,3.019137
-1071.717128,200,3.225694
-906.110252,200,3.429476
-1686.561507,200,3.637688
-1835.108832,200,4.214771
-1304.588086,200,4.425417
-1632.856445,200,4.634252
-1466.344557,200,4.836558
-1796.985049,200,5.04297
-1303.412277,200,5.255629
-1727.101611,200,5.837301
-1191.450834,200,6.042325
-960.720228,200,6.252723
-939.750643,200,6.459966
-1220.632751,200,6.665798
-1358.459722,200,6.871398
-1182.568641,200,7.07984
-1807.560463,200,7.660803
-826.903221,200,7.871102
-1363.273979,200,8.077905
-1837.115498,200,8.285053
-1137.835584,200,8.490033
-1187.988986,200,8.694688
-1071.708737,200,9.274708
-1540.595013,200,9.485383
-1517.993764,200,9.690788
-1775.720802,200,9.902035
-1462.86999,200,10.109515
-1431.790532,200,10.320872
-1835.733002,200,10.917356
-1486.408002,200,11.12487
-1871.264364,200,11.331592
-1791.388172,200,11.543072
-1480.56061,200,11.751184
-1854.23377,200,11.960069
-1559.497146,200,12.534692
-1636.647122,200,12.743752
-1412.602635,200,12.945932
-1780.341509,200,13.154893
-1626.479502,200,13.365263
-1490.479891,200,13.574914
-1861.692167,200,13.77962
-1639.620388,200,14.354836
-1542.635318,200,14.560988
-1641.639429,200,14.770346
-1752.062444,200,14.971856
-1766.065201,200,15.17896
-1601.350448,200,15.391438
-1712.18385,200,15.963113
-1792.413055,200,16.173287
-1754.392978,200,16.383621
-1505.131371,200,16.59311
-1867.847855,200,16.796171
-1637.574782,200,16.999656
