Eval mean reward,Eval std,Train walltime (s)
-1698.6173013955633,102.37388331947331,17.001669883728027
