#{"t_start": 1586182587.675481, "env_id": "Pendulum-v0"}
r,l,t
-1099.055586,200,1.004711
-1174.529432,200,1.253487
-1023.279689,200,1.502063
-1449.913327,200,1.745284
-977.110987,200,1.99383
-1226.565979,200,2.235264
-1812.575266,200,3.028446
-1292.657354,200,3.27249
-1702.489193,200,3.522544
-1150.064352,200,3.766518
-1565.506094,200,4.017611
-1569.361845,200,4.264735
-957.951617,200,5.032819
-1757.659154,200,5.279951
-1072.983386,200,5.5278
-1152.167885,200,5.773212
-1363.554034,200,6.018409
-1198.463658,200,6.262402
-1391.640268,200,7.047897
-871.067908,200,7.299169
-1583.281759,200,7.546338
-765.941755,200,7.792176
-1093.626336,200,8.03568
-904.887206,200,8.280097
-1281.332021,200,8.526354
-1646.74295,200,9.286325
-1061.960156,200,9.533049
-1034.607388,200,9.785231
-1782.415326,200,10.030205
-1124.699078,200,10.277687
-1310.89407,200,10.525205
-1169.605973,200,11.314339
-1220.742681,200,11.568751
-1184.29461,200,11.820625
-1557.762613,200,12.070437
-1172.905241,200,12.321549
-1200.097238,200,12.568867
-1237.815305,200,13.344962
-1403.534082,200,13.590057
-1276.438187,200,13.836545
-1290.227716,200,14.084947
-1216.51109,200,14.333636
-1264.696754,200,14.586291
-1347.056224,200,15.368053
-1221.004186,200,15.619979
-1351.699839,200,15.870658
-1343.126498,200,16.123755
-1246.25122,200,16.373291
-1468.321851,200,16.629055
-1333.900452,200,16.879115
-1354.289875,200,17.650068
-1379.920456,200,17.894394
-1257.344081,200,18.145698
-1241.243588,200,18.401172
-1327.655306,200,18.657185
-1348.795329,200,18.909858
-1334.182142,200,19.693624
-1187.508373,200,19.945362
-1390.642748,200,20.19219
-1774.948086,200,20.450531
-1175.425367,200,20.704825
-1348.278446,200,20.957597
