#{"t_start": 1586182587.6783278, "env_id": "Pendulum-v0"}
r,l,t
-1202.772572,200,1.00261
-773.01556,200,1.251565
-1498.834707,200,1.499674
-1167.514475,200,1.742929
-1588.346442,200,1.991441
-1785.478597,200,2.232866
-1822.491318,200,3.026047
-1825.631154,200,3.270142
-904.221779,200,3.520147
-764.122844,200,3.76413
-1527.894969,200,4.015241
-1521.371136,200,4.262337
-1309.385787,200,5.030419
-1770.908836,200,5.277562
-1547.478568,200,5.525438
-993.628448,200,5.770857
-1687.290224,200,6.016032
-1659.187206,200,6.260379
-1064.681958,200,7.045501
-1851.547023,200,7.296778
-794.862386,200,7.543946
-1106.732441,200,7.789784
-1183.647879,200,8.033284
-921.634971,200,8.277744
-1666.509799,200,8.523958
-1089.403422,200,9.283938
-1092.887288,200,9.530753
-1009.35992,200,9.782872
-1027.219794,200,10.02782
-1121.821407,200,10.275409
-1198.648187,200,10.522871
-1194.128412,200,11.312198
-1197.157094,200,11.566445
-1211.817644,200,11.818276
-1261.76392,200,12.068038
-1322.775094,200,12.319162
-1243.167823,200,12.566474
-1202.657512,200,13.342603
-1232.595674,200,13.587666
-1574.133597,200,13.834169
-1663.877416,200,14.082562
-1205.683145,200,14.331239
-1326.979688,200,14.583923
-1317.469251,200,15.36566
-1220.986926,200,15.617593
-1293.362376,200,15.868267
-1327.118328,200,16.121372
-1401.530715,200,16.371229
-1307.254056,200,16.626732
-1312.28232,200,16.876899
-1277.639734,200,17.647747
-1373.041005,200,17.892037
-1313.323229,200,18.143345
-1487.399715,200,18.398886
-1485.617695,200,18.654852
-1333.287518,200,18.907464
-1359.138237,200,19.691239
-1188.315447,200,19.943067
-1225.207648,200,20.189804
-1306.328828,200,20.448253
-1371.333278,200,20.702433
-1397.589226,200,20.955211
