#{"t_start": 1586182587.6811228, "env_id": "Pendulum-v0"}
r,l,t
-971.233399,200,1.000284
-891.579634,200,1.24924
-1709.043507,200,1.497325
-1078.400599,200,1.740577
-882.313215,200,1.989089
-1579.964528,200,2.230501
-1399.9153,200,3.023688
-866.742685,200,3.267811
-1375.666533,200,3.517785
-964.695973,200,3.761778
-1066.025571,200,4.012892
-1070.526962,200,4.260026
-1171.322782,200,5.028325
-869.768741,200,5.275285
-856.364914,200,5.523115
-756.272768,200,5.768505
-862.60113,200,6.013823
-787.017101,200,6.25807
-885.454532,200,7.043251
-863.219562,200,7.294425
-1542.382736,200,7.541587
-1554.830587,200,7.787426
-1203.342166,200,8.030927
-1785.338247,200,8.275392
-900.774854,200,8.521644
-1029.393888,200,9.281588
-1409.433857,200,9.528479
-783.210719,200,9.780622
-1037.063437,200,10.025484
-1135.638364,200,10.273102
-1170.393871,200,10.52054
-1517.229032,200,11.309853
-1190.195113,200,11.564173
-1324.12169,200,11.816026
-1183.233984,200,12.065686
-1223.427258,200,12.316819
-1120.540538,200,12.564147
-1162.015676,200,13.340261
-1295.486062,200,13.585319
-1176.255993,200,13.831852
-1243.891827,200,14.080252
-1311.802158,200,14.328881
-1327.73489,200,14.581593
-1526.71596,200,15.363299
-1464.589971,200,15.615245
-1334.054624,200,15.865915
-1320.017957,200,16.119029
-1531.327168,200,16.368876
-1306.752803,200,16.624438
-1331.534214,200,16.874672
-1358.948068,200,17.645478
-1328.980129,200,17.889721
-1408.39991,200,18.141037
-1316.416532,200,18.396548
-1488.115826,200,18.652509
-1383.8314,200,18.905285
-1333.546374,200,19.688888
-1575.98947,200,19.940738
-1357.342467,200,20.187451
-1333.638833,200,20.445915
-1345.375393,200,20.700148
-1395.07171,200,20.952858
