Eval mean reward,Eval std,Train walltime (s)
-1294.297207335569,108.02775476122982,20.95948815345764
