#{"t_start": 1586176444.874645, "env_id": "Pendulum-v0"}
r,l,t
-1269.414734,200,0.923008
-1099.589645,200,1.121206
-1004.035551,200,1.316134
-1205.841585,200,1.509484
-1354.902448,200,1.708937
-1173.913518,200,1.905735
-1800.990465,200,2.104243
-939.054946,200,2.714941
-1180.858332,200,2.912769
-899.897657,200,3.10658
-913.977941,200,3.29983
-1561.682995,200,3.494526
-1164.181789,200,3.690195
-1082.523197,200,3.888276
-1702.326752,200,4.463756
-1817.089696,200,4.66492
-1072.309625,200,4.863669
-1166.335108,200,5.064376
-1476.934411,200,5.266121
-1383.771522,200,5.460774
-842.812416,200,5.659144
-1208.099141,200,6.231859
-1322.057594,200,6.430112
-1160.254239,200,6.626805
-1589.963626,200,6.830123
-1398.325911,200,7.026159
-1670.130628,200,7.222478
-1112.16176,200,7.424831
-1186.026149,200,8.002978
-1522.923689,200,8.202683
-1630.151262,200,8.399349
-1193.574283,200,8.597284
-1541.911202,200,8.796539
-1368.493409,200,9.00306
-1660.680974,200,9.20484
-1614.801777,200,9.797871
-1561.842727,200,9.996362
-1380.890987,200,10.190617
-996.117983,200,10.389709
-1183.855675,200,10.582419
-1587.838659,200,10.778026
-1387.605051,200,10.976854
-1179.131825,200,11.523952
-1810.691164,200,11.720332
-1049.887524,200,11.919703
-1308.714957,200,12.118152
-1227.269166,200,12.320986
-1810.643735,200,12.518998
-1790.960628,200,12.71353
-1776.895085,200,13.275657
-1426.326751,200,13.474964
-1775.512407,200,13.67086
-1576.898337,200,13.871926
-1874.843746,200,14.068854
-1718.823883,200,14.263631
-1836.712238,200,14.460037
-1566.793996,200,14.65995
-1697.511441,200,15.228682
-1733.987525,200,15.427775
-1695.124582,200,15.629607
-1761.648351,200,15.82596
-1771.768026,200,16.020925
-1889.408884,200,16.220409
-1827.189693,200,16.417431
-1863.72656,200,16.994374
-1863.732014,200,17.187541
-1592.422666,200,17.383636
-1659.702996,200,17.580896
-1829.930003,200,17.784261
-1731.656109,200,17.981229
-1826.191111,200,18.182935
