Eval mean reward,Eval std,Train walltime (s)
-1778.6394069859991,83.7567873212419,18.187018632888794
