Eval mean reward,Eval std,Train walltime (s)
-1292.078506187457,57.13573931340251,19.56545662879944
