#{"t_start": 1586174453.1391637, "env_id": "Pendulum-v0"}
r,l,t
-1244.120463,200,0.92821
-983.031335,200,1.111048
-895.263836,200,1.294564
-1275.237882,200,1.48063
-1394.352476,200,1.664505
-1300.68658,200,1.845529
-1826.702931,200,2.02828
-1369.376533,200,2.214371
-1683.915995,200,2.80386
-1088.637307,200,2.989372
-1486.988555,200,3.171133
-1480.217923,200,3.357062
-871.050645,200,3.538956
-1610.755087,200,3.721907
-1046.077455,200,3.908396
-1071.006384,200,4.097636
-1458.965331,200,4.664727
-1331.924984,200,4.848822
-1420.026274,200,5.033495
-921.271688,200,5.220905
-1508.345107,200,5.401243
-659.556676,200,5.582875
-835.053071,200,5.769696
-759.748198,200,5.958133
-973.520111,200,6.529084
-1372.23257,200,6.714545
-885.605621,200,6.900741
-1129.548901,200,7.087641
-1431.571206,200,7.271498
-992.332585,200,7.45876
-1119.784615,200,7.642298
-1143.756724,200,7.830565
-994.861685,200,8.012402
-1166.861502,200,8.568724
-1793.921342,200,8.754418
-1045.367034,200,8.938752
-1103.310982,200,9.121528
-1003.08583,200,9.306938
-1461.482826,200,9.492667
-1340.29926,200,9.676377
-1041.760408,200,9.860925
-960.31582,200,10.410238
-1195.289851,200,10.594599
-976.349917,200,10.779975
-1410.313901,200,10.966805
-866.472593,200,11.153546
-962.777422,200,11.341384
-1198.078353,200,11.53061
-1009.921769,200,11.71244
-1096.1022,200,12.26398
-973.201225,200,12.451622
-1075.45239,200,12.635746
-1729.194406,200,12.824317
-1304.474367,200,13.007236
-1844.794274,200,13.190643
-1405.506841,200,13.375561
-934.760173,200,13.56109
-1392.693398,200,13.743955
-1666.097508,200,14.285902
-1748.817644,200,14.469018
-1827.606894,200,14.649441
-1178.743438,200,14.832884
-1297.147056,200,15.016643
-1029.462074,200,15.200328
-1594.116723,200,15.382377
-1252.937134,200,15.568926
-1430.995154,200,16.110583
-1402.004944,200,16.294397
-1418.940253,200,16.482209
-1616.585079,200,16.660662
-1791.381641,200,16.847366
-1824.121602,200,17.02745
-1646.494141,200,17.212129
-1433.473429,200,17.392263
-1668.018894,200,17.945493
-1522.992321,200,18.127548
-1773.964136,200,18.316517
-1446.414259,200,18.499938
-1441.410704,200,18.687469
-1691.161176,200,18.873261
-1794.715131,200,19.063953
-1461.632941,200,19.245589
-1810.9338,200,19.434219
