#{"t_start": 1586174453.140123, "env_id": "Pendulum-v0"}
r,l,t
-1253.969585,200,0.927489
-863.847146,200,1.110321
-849.408176,200,1.293799
-1156.959791,200,1.479867
-1360.718005,200,1.663745
-1073.006898,200,1.844764
-1618.223131,200,2.027518
-981.750652,200,2.213605
-891.631149,200,2.803097
-904.952819,200,2.988618
-862.417725,200,3.170372
-1640.684836,200,3.356298
-982.082731,200,3.538194
-974.943243,200,3.721143
-1631.045941,200,3.907633
-1531.576275,200,4.096929
-750.545522,200,4.663959
-1219.092219,200,4.848055
-1680.059922,200,5.032743
-1587.929197,200,5.220151
-941.620486,200,5.40048
-1093.274188,200,5.582116
-1274.305475,200,5.76896
-1063.924207,200,5.957366
-1512.228295,200,6.528309
-1077.549107,200,6.7138
-1331.526012,200,6.90011
-994.691942,200,7.086889
-1001.296557,200,7.270748
-1086.938469,200,7.458108
-1243.687109,200,7.641547
-969.011611,200,7.829804
-1092.418662,200,8.011639
-975.674023,200,8.567992
-1182.441879,200,8.753654
-1472.566729,200,8.937989
-1309.073962,200,9.12077
-1115.105039,200,9.30619
-1047.591888,200,9.491904
-1177.120499,200,9.675613
-1335.404587,200,9.860158
-1075.356765,200,10.409471
-1122.340118,200,10.59384
-1740.449048,200,10.779218
-1038.011909,200,10.966042
-923.015493,200,11.152816
-776.497961,200,11.340648
-1878.803513,200,11.529849
-1758.491261,200,11.711674
-1602.379005,200,12.263208
-835.512467,200,12.450891
-1292.44811,200,12.634979
-909.768877,200,12.823586
-1821.975342,200,13.006475
-1272.636255,200,13.189878
-1740.333938,200,13.3748
-910.844121,200,13.560324
-1345.8312,200,13.743189
-1471.723762,200,14.285142
-1397.709732,200,14.468266
-1437.168162,200,14.64868
-1218.763523,200,14.832122
-1780.863476,200,15.015879
-1497.272047,200,15.199565
-1707.28192,200,15.381618
-1628.635277,200,15.568164
-1222.713458,200,16.10985
-1402.820679,200,16.293649
-1845.385008,200,16.481465
-1471.391652,200,16.659899
-1763.177116,200,16.846608
-1628.68912,200,17.026717
-1511.913915,200,17.211364
-1334.608484,200,17.391503
-1779.872401,200,17.944723
-1753.147198,200,18.126783
-1584.833621,200,18.315754
-1669.06182,200,18.499202
-1440.019533,200,18.686721
-1740.162546,200,18.872511
-1822.749292,200,19.063247
-1809.636224,200,19.244852
-1688.592638,200,19.433463
