#{"t_start": 1586174453.1428652, "env_id": "Pendulum-v0"}
r,l,t
-978.849622,200,0.92529
-764.233687,200,1.108042
-964.719593,200,1.29152
-770.258615,200,1.477585
-1073.75369,200,1.661479
-892.843936,200,1.842524
-865.97348,200,2.025244
-1727.961996,200,2.211326
-1854.301419,200,2.800816
-1404.228708,200,2.986374
-1283.003624,200,3.168086
-1179.07064,200,3.354022
-1334.4661,200,3.535917
-1511.892681,200,3.718876
-1068.361809,200,3.905356
-958.463327,200,4.094669
-1560.761377,200,4.661677
-983.177667,200,4.845802
-997.015531,200,5.030778
-898.515206,200,5.217893
-1320.834044,200,5.398231
-983.881241,200,5.579844
-1373.715737,200,5.766689
-1695.432959,200,5.955092
-1324.254498,200,6.526029
-942.520084,200,6.711617
-1019.529871,200,6.897959
-1228.355711,200,7.084646
-1498.905548,200,7.268482
-1126.684114,200,7.456068
-1174.874509,200,7.639301
-1088.793892,200,7.827534
-1032.911449,200,8.009367
-918.538978,200,8.56585
-1626.65261,200,8.751407
-873.685292,200,8.935719
-1210.552952,200,9.118547
-1181.837018,200,9.303939
-1365.8327,200,9.489629
-1013.182097,200,9.673342
-1659.456978,200,9.857919
-769.884587,200,10.407185
-966.102304,200,10.591568
-1307.073551,200,10.776945
-1458.873562,200,10.963779
-1017.149331,200,11.15064
-1398.186757,200,11.338639
-1019.465473,200,11.527577
-1099.531745,200,11.709396
-1098.252808,200,12.260934
-1104.674556,200,12.448619
-1305.927305,200,12.632699
-1078.779221,200,12.821359
-752.147304,200,13.004205
-819.81052,200,13.187606
-1658.093658,200,13.372525
-1286.245087,200,13.558175
-1157.836094,200,13.740913
-1763.839399,200,14.282875
-1453.092061,200,14.466
-1360.79864,200,14.646445
-1498.143645,200,14.829849
-1296.872266,200,15.013619
-1266.278926,200,15.197301
-1744.637525,200,15.379651
-1162.054264,200,15.565892
-1312.445373,200,16.107588
-1716.351232,200,16.291394
-1806.869428,200,16.479211
-1594.852641,200,16.657618
-1727.475962,200,16.844333
-1658.973514,200,17.024516
-1419.584016,200,17.209094
-1465.32713,200,17.389236
-1690.971376,200,17.942466
-1740.617223,200,18.124511
-1615.795325,200,18.313474
-1806.381165,200,18.496984
-1797.337661,200,18.684449
-1851.043238,200,18.870287
-1434.162999,200,19.060989
-1647.338663,200,19.242578
-1861.749643,200,19.431204
