Eval mean reward,Eval std,Train walltime (s)
-1633.814211057435,158.2018106396978,19.435060739517212
