Eval mean reward,Eval std,Train walltime (s)
-1333.2252297519976,112.03018904378445,20.655879735946655
