Eval mean reward,Eval std,Train walltime (s)
-1431.5202292071606,87.15856622753445,21.404314041137695
