Eval mean reward,Eval std,Train walltime (s)
-1297.3340958296276,148.01358486099502,36.74074172973633
