#{"t_start": 1586182769.0213752, "env_id": "Pendulum-v0"}
r,l,t
-859.427916,200,1.05902
-1005.069781,200,1.314248
-1701.460208,200,1.566272
-1262.643195,200,1.830052
-887.943503,200,2.076036
-1586.652801,200,2.324599
-1320.127206,200,3.174116
-752.73811,200,3.424226
-1488.294966,200,3.679003
-1176.473471,200,3.944842
-1173.457804,200,4.19808
-1223.265542,200,4.459358
-1215.390288,200,5.25931
-869.374741,200,5.511744
-967.833828,200,5.759318
-962.362809,200,6.016098
-852.740134,200,6.269597
-865.826915,200,6.527878
-856.406558,200,7.354526
-1082.708121,200,7.611499
-1443.785623,200,7.867496
-1691.96151,200,8.133047
-1084.482633,200,8.390127
-1724.7923,200,8.654921
-1014.120964,200,8.917388
-753.774143,200,9.696795
-1465.256153,200,9.945542
-934.535423,200,10.195891
-1185.887438,200,10.43762
-1055.60969,200,10.685655
-910.513783,200,10.933482
-1824.681408,200,11.69588
-1079.585495,200,11.94845
-1193.284099,200,12.204504
-1533.333585,200,12.454265
-1020.127108,200,12.702137
-1277.469638,200,12.955549
-970.169705,200,13.749382
-1347.103411,200,14.005847
-1328.414148,200,14.25655
-1044.866042,200,14.50623
-970.749756,200,14.758523
-1065.893489,200,14.999314
-1649.009026,200,15.767956
-1277.51755,200,16.00955
-1056.268087,200,16.252577
-1093.962865,200,16.498252
-1742.077096,200,16.744288
-1175.990617,200,16.98639
-979.889151,200,17.230963
-1169.284384,200,17.992625
-951.973925,200,18.239965
-1193.692497,200,18.494564
-1132.445909,200,18.736639
-1004.935655,200,18.98661
-1204.114214,200,19.23771
-1089.882068,200,19.999004
-1620.378899,200,20.242237
-1103.279699,200,20.485876
-1447.013836,200,20.729865
-1161.754277,200,20.973811
-1331.4325,200,21.225178
