#{"t_start": 1586182769.0224686, "env_id": "Pendulum-v0"}
r,l,t
-883.212343,200,1.058121
-1802.41436,200,1.31335
-859.121432,200,1.565366
-968.290734,200,1.829147
-1568.10448,200,2.075151
-1535.953716,200,2.323696
-1659.310279,200,3.17322
-880.9552,200,3.423318
-1273.082461,200,3.678102
-1416.930504,200,3.943948
-1063.32086,200,4.197177
-962.170657,200,4.458471
-1270.082715,200,5.258411
-1657.905586,200,5.510874
-1173.120508,200,5.758544
-884.431779,200,6.015292
-1170.554984,200,6.268698
-1545.224347,200,6.526987
-1574.647937,200,7.353657
-1502.985045,200,7.610677
-1071.765447,200,7.866636
-1286.100929,200,8.132179
-940.129916,200,8.389226
-857.119509,200,8.65414
-1670.542097,200,8.916486
-1411.606285,200,9.695894
-1713.052971,200,9.944678
-753.799584,200,10.194995
-1675.858154,200,10.436721
-1175.459955,200,10.684801
-887.020688,200,10.932586
-989.083813,200,11.694981
-818.865641,200,11.947599
-1828.661977,200,12.203603
-1086.161067,200,12.453375
-1385.279018,200,12.701236
-1087.088752,200,12.954653
-904.949421,200,13.748476
-1011.881506,200,14.004945
-1362.447218,200,14.255651
-971.763346,200,14.505331
-1072.320587,200,14.757623
-1638.134506,200,14.99842
-1070.048633,200,15.767067
-1836.045704,200,16.00865
-923.74515,200,16.251674
-1096.565888,200,16.497348
-1173.974589,200,16.743387
-1012.819854,200,16.985491
-1037.989114,200,17.230057
-1184.780457,200,17.99172
-1041.052366,200,18.239063
-1108.500626,200,18.493661
-1151.472536,200,18.73574
-1242.9606,200,18.985704
-1022.106918,200,19.236805
-987.687932,200,19.998121
-1034.837382,200,20.241337
-1248.659306,200,20.484974
-1536.261372,200,20.728968
-1107.716576,200,20.972906
-1086.22909,200,21.224279
