#{"t_start": 1586182769.023425, "env_id": "Pendulum-v0"}
r,l,t
-853.577166,200,1.05732
-869.603411,200,1.312551
-987.44824,200,1.564566
-890.826218,200,1.828345
-1300.883137,200,2.074354
-1508.281391,200,2.322894
-1794.391443,200,3.172422
-1636.65507,200,3.422516
-1356.203508,200,3.677304
-864.428219,200,3.943173
-1330.73543,200,4.196375
-848.825857,200,4.457676
-858.450053,200,5.257648
-886.538434,200,5.51011
-1205.929516,200,5.757884
-763.44432,200,6.014577
-983.611296,200,6.267908
-976.751865,200,6.526202
-964.7963,200,7.352865
-976.689654,200,7.609884
-1067.567337,200,7.865845
-1459.33671,200,8.131445
-1026.244982,200,8.388426
-1653.593526,200,8.65345
-920.635,200,8.915686
-1591.902687,200,9.695096
-1661.239777,200,9.943886
-1630.868964,200,10.194468
-980.956682,200,10.435921
-1251.096045,200,10.684053
-966.238106,200,10.931807
-1006.530542,200,11.694183
-1375.341723,200,11.946875
-951.919525,200,12.202802
-1762.145111,200,12.452577
-1000.637925,200,12.700433
-969.872604,200,12.953851
-1002.904283,200,13.747676
-1861.442498,200,14.004142
-1487.789534,200,14.25485
-1015.471853,200,14.504532
-1760.553902,200,14.756839
-1221.4688,200,14.997634
-1041.394564,200,15.76627
-1129.932929,200,16.007852
-1152.885504,200,16.250873
-1175.295976,200,16.496548
-1396.461824,200,16.742587
-1030.248645,200,16.984691
-1109.699945,200,17.229254
-1189.940514,200,17.990919
-1001.501673,200,18.238264
-1591.433377,200,18.492891
-1094.762346,200,18.734945
-1222.933059,200,18.9849
-1203.823343,200,19.236004
-1217.292418,200,19.997324
-1190.934123,200,20.240538
-1154.276398,200,20.484178
-1508.869505,200,20.728442
-1122.861975,200,20.972103
-1316.731984,200,21.223505
