#{"t_start": 1586182769.0243669, "env_id": "Pendulum-v0"}
r,l,t
-907.511256,200,1.056525
-974.600872,200,1.311757
-1228.191646,200,1.563773
-851.825168,200,1.827551
-884.329188,200,2.073565
-883.406799,200,2.322104
-1592.622588,200,3.171632
-1129.131069,200,3.421725
-1071.158396,200,3.676513
-882.437697,200,3.942389
-1013.790795,200,4.195581
-1612.373839,200,4.456886
-766.20052,200,5.256861
-1773.00624,200,5.509323
-1731.183987,200,5.757142
-1648.817074,200,6.013831
-841.271215,200,6.267124
-1181.75502,200,6.525417
-1392.157003,200,7.352075
-863.605796,200,7.609093
-1846.453326,200,7.865058
-1469.376354,200,8.130693
-1768.302859,200,8.387633
-1072.735368,200,8.652714
-1505.845682,200,8.914917
-899.02748,200,9.694308
-765.501986,200,9.943115
-1325.622268,200,10.193683
-1634.295437,200,10.435131
-1327.785124,200,10.683295
-891.543121,200,10.931033
-1015.251551,200,11.693423
-1032.711756,200,11.946182
-845.454979,200,12.202009
-1170.27496,200,12.451787
-1825.646088,200,12.699643
-1577.897767,200,12.953057
-966.055136,200,13.746881
-1571.790499,200,14.00335
-1189.011521,200,14.254056
-1026.371784,200,14.503739
-927.283421,200,14.756085
-1212.511475,200,14.996844
-1172.859347,200,15.765489
-940.259238,200,16.007064
-1136.954994,200,16.250078
-1119.150592,200,16.495756
-878.936033,200,16.741794
-1000.314821,200,16.983901
-1808.289966,200,17.22846
-1207.554678,200,17.990127
-1164.058365,200,18.237475
-1382.776879,200,18.49211
-1034.131296,200,18.734154
-1188.307883,200,18.98414
-1615.861427,200,19.235213
-1511.160074,200,19.996552
-1142.283006,200,20.239748
-1201.13064,200,20.483386
-886.504114,200,20.727648
-1206.908634,200,20.971308
-985.626818,200,21.222724
