#{"t_start": 1586182769.0253253, "env_id": "Pendulum-v0"}
r,l,t
-803.963299,200,1.055739
-889.986776,200,1.310944
-879.530863,200,1.562974
-866.275206,200,1.826739
-1303.405695,200,2.072758
-945.026635,200,2.321304
-1398.859119,200,3.170822
-1682.146342,200,3.420913
-860.854157,200,3.675728
-893.013386,200,3.941579
-1345.684573,200,4.194768
-1417.788452,200,4.456076
-1060.895107,200,5.256053
-894.876235,200,5.508513
-1537.16841,200,5.756355
-904.658442,200,6.013042
-1272.162332,200,6.266316
-1321.19389,200,6.52461
-967.85901,200,7.351312
-1203.548345,200,7.608285
-1255.133152,200,7.864251
-897.282751,200,8.129951
-1452.353688,200,8.386821
-1124.357078,200,8.651991
-1410.871998,200,8.914129
-866.675905,200,9.693498
-1121.831001,200,9.942311
-973.929212,200,10.192875
-1362.331409,200,10.434323
-1442.099704,200,10.682519
-1321.956417,200,10.93023
-756.022118,200,11.692645
-1093.149464,200,11.945495
-1206.005283,200,12.201205
-1385.423418,200,12.450979
-1224.649118,200,12.698834
-921.142681,200,12.952244
-882.454566,200,13.746066
-1606.172537,200,14.002537
-833.621301,200,14.253242
-1019.718597,200,14.502926
-1101.047838,200,14.755282
-1159.957447,200,14.996035
-1043.050885,200,15.76469
-928.281507,200,16.006256
-1074.843204,200,16.249268
-1745.052054,200,16.494964
-1128.989504,200,16.740984
-1206.534589,200,16.983093
-1178.96231,200,17.227677
-1208.440277,200,17.989316
-1247.1696,200,18.236663
-1537.645938,200,18.491326
-1014.610712,200,18.733345
-1205.164365,200,18.983402
-1081.125214,200,19.234402
-1306.326018,200,19.99579
-961.819992,200,20.238937
-1566.321906,200,20.482577
-994.409249,200,20.726837
-1113.041486,200,20.970495
-1039.566203,200,21.22194
