#{"t_start": 1586182769.0281148, "env_id": "Pendulum-v0"}
r,l,t
-1805.461651,200,1.053385
-982.516403,200,1.308585
-1027.592041,200,1.560659
-1141.129625,200,1.824381
-970.412016,200,2.070415
-1296.054616,200,2.318958
-1496.748856,200,3.168492
-1413.619378,200,3.418557
-1699.498372,200,3.673384
-1072.547226,200,3.939231
-1600.570937,200,4.192419
-1503.498942,200,4.453791
-919.10482,200,5.25371
-1188.872626,200,5.506167
-972.568571,200,5.754165
-829.033765,200,6.010704
-1848.207531,200,6.263971
-1563.619378,200,6.522269
-870.329984,200,7.349012
-901.300166,200,7.60594
-1068.945528,200,7.861916
-1791.257428,200,8.127723
-1037.604207,200,8.384493
-740.751632,200,8.649744
-1748.383713,200,8.911959
-653.49046,200,9.691156
-1572.091137,200,9.939965
-1084.494223,200,10.190531
-1237.440108,200,10.431979
-1393.05809,200,10.680229
-856.511772,200,10.927897
-936.251348,200,11.690312
-1249.547596,200,11.943308
-1476.24611,200,12.198869
-850.232752,200,12.448637
-1024.5075,200,12.696505
-1210.460247,200,12.949885
-1819.521689,200,13.743704
-917.793662,200,14.000183
-1009.228402,200,14.250888
-1070.33468,200,14.500573
-1478.760001,200,14.752995
-890.654553,200,14.993688
-1590.575036,200,15.762362
-1124.458583,200,16.00391
-1133.63077,200,16.24691
-938.298425,200,16.492654
-1365.229884,200,16.738649
-1436.731634,200,16.980745
-867.587922,200,17.225325
-1405.096266,200,17.986959
-1005.621156,200,18.234308
-1003.105942,200,18.489047
-1210.545912,200,18.731
-1149.090267,200,18.981367
-1065.926058,200,19.232049
-1027.723081,200,19.993441
-1001.82512,200,20.23662
-1107.284649,200,20.480232
-945.223467,200,20.72448
-1790.398804,200,20.968159
-1019.266352,200,21.219652
