Eval mean reward,Eval std,Train walltime (s)
-1209.4080755008615,173.24777939290357,21.226391553878784
