#{"t_start": 1586182613.2221313, "env_id": "Pendulum-v0"}
r,l,t
-1168.083002,200,1.02107
-1357.68835,200,1.267588
-1040.455379,200,1.522295
-1123.694416,200,1.771512
-1379.826288,200,2.020806
-1451.373304,200,2.266803
-1712.596994,200,3.089128
-1175.323339,200,3.340516
-1660.053314,200,3.598229
-877.576263,200,3.853368
-1511.495853,200,4.098223
-1468.741064,200,4.349251
-834.374,200,5.1305
-1787.075901,200,5.381755
-1070.50193,200,5.635607
-1180.78553,200,5.88393
-1418.443948,200,6.14439
-1282.439483,200,6.401668
-1394.789294,200,7.190995
-881.061239,200,7.451397
-1420.717012,200,7.700553
-921.390769,200,7.946136
-867.732675,200,8.200823
-861.709098,200,8.449865
-987.423712,200,8.70031
-1735.326128,200,9.476394
-971.324994,200,9.723843
-870.787081,200,9.972746
-1677.040239,200,10.216678
-1256.478911,200,10.463767
-1430.733053,200,10.713775
-1115.814012,200,11.494361
-1166.943293,200,11.743786
-1194.887021,200,11.985824
-1643.288903,200,12.230882
-1086.391714,200,12.479698
-873.436669,200,12.727247
-1033.917432,200,13.498249
-1532.853956,200,13.753847
-1102.639215,200,14.001565
-1201.98357,200,14.252635
-1205.668051,200,14.498068
-1090.133291,200,14.742126
-882.531017,200,15.513238
-1287.463853,200,15.760711
-986.797219,200,16.0107
-1201.873543,200,16.2602
-1100.523032,200,16.503646
-1235.469254,200,16.753586
-1150.024082,200,16.997579
-1169.4111,200,17.769346
-1035.237982,200,18.017235
-1626.09553,200,18.263572
-829.77835,200,18.515324
-1583.609046,200,18.765675
-1110.770797,200,19.011526
-1312.082465,200,19.777362
-1355.243575,200,20.022938
-1788.250562,200,20.271037
-1234.880334,200,20.516508
-1608.380498,200,20.76362
-1192.640227,200,21.011688
