#{"t_start": 1586182613.2234144, "env_id": "Pendulum-v0"}
r,l,t
-1145.404326,200,1.019986
-1116.075847,200,1.266582
-908.898022,200,1.521215
-1216.189466,200,1.770419
-1455.012764,200,2.01971
-1106.453167,200,2.265713
-1354.15126,200,3.088038
-855.033751,200,3.339425
-903.29713,200,3.597135
-744.014657,200,3.852275
-891.511207,200,4.097131
-1644.848164,200,4.348177
-1071.533404,200,5.129411
-897.966714,200,5.380671
-1636.41212,200,5.634518
-1729.782186,200,5.88284
-1011.120856,200,6.143308
-1339.001864,200,6.400578
-1556.19337,200,7.189998
-1613.64122,200,7.450338
-1068.907301,200,7.699473
-988.334316,200,7.945069
-1269.161486,200,8.199732
-1201.58521,200,8.448778
-1470.005225,200,8.699222
-1190.944777,200,9.475308
-1417.879341,200,9.722759
-886.362175,200,9.97166
-1063.943995,200,10.215605
-977.653364,200,10.462709
-1353.7261,200,10.712693
-753.267568,200,11.493271
-1192.198095,200,11.742692
-989.013271,200,11.984741
-1224.259027,200,12.229791
-1405.658063,200,12.478625
-1251.725971,200,12.726154
-1118.524032,200,13.497162
-1085.476,200,13.752755
-1004.454042,200,14.000473
-1399.6282,200,14.251541
-1187.988442,200,14.49698
-1137.221259,200,14.741075
-1506.899678,200,15.512146
-1244.877883,200,15.759619
-1202.180749,200,16.009636
-1155.551997,200,16.259111
-1546.218678,200,16.502557
-1766.345255,200,16.752496
-1391.057739,200,16.99649
-1265.629502,200,17.768279
-1042.136268,200,18.016152
-1250.413308,200,18.262488
-1809.613969,200,18.514241
-1198.566847,200,18.764587
-1491.629399,200,19.010444
-1373.660554,200,19.77628
-1044.571393,200,20.021848
-1197.842758,200,20.269951
-1123.008066,200,20.51542
-1062.41701,200,20.762535
-1050.034866,200,21.010597
