#{"t_start": 1586182613.2288783, "env_id": "Pendulum-v0"}
r,l,t
-990.449107,200,1.015467
-1737.4919,200,1.262681
-894.076255,200,1.516779
-865.636317,200,1.765844
-1506.345574,200,2.01514
-1743.464229,200,2.261126
-1478.470547,200,3.083466
-856.004478,200,3.334998
-1291.837955,200,3.592598
-1172.332468,200,3.847699
-1058.728258,200,4.092599
-1070.570983,200,4.343623
-1266.87311,200,5.124899
-1689.759016,200,5.376141
-1317.043861,200,5.62996
-969.553862,200,5.878282
-1285.249758,200,6.138749
-1788.623103,200,6.396002
-1517.112462,200,7.185647
-1551.874225,200,7.445823
-880.661384,200,7.694969
-1255.088819,200,7.94064
-895.383506,200,8.195174
-1173.184253,200,8.444253
-1526.193823,200,8.694669
-1198.401564,200,9.470766
-1419.468273,200,9.718208
-972.264467,200,9.967116
-1787.212155,200,10.211111
-1340.519653,200,10.458246
-763.796898,200,10.708173
-988.56296,200,11.488944
-894.337698,200,11.738214
-1606.200323,200,11.980211
-1057.865685,200,12.225218
-1474.489735,200,12.474076
-970.306702,200,12.721592
-1064.725943,200,13.492646
-1261.929559,200,13.748269
-1180.887998,200,13.996126
-1150.255208,200,14.246977
-1255.299828,200,14.49248
-1597.094664,200,14.736588
-1214.824744,200,15.507653
-1494.281738,200,15.755044
-1101.110481,200,16.005056
-1203.994426,200,16.254551
-1021.754896,200,16.498238
-934.56526,200,16.747927
-1219.488224,200,16.991938
-1039.291388,200,17.763813
-1321.67195,200,18.0116
-1185.702485,200,18.25794
-1048.818255,200,18.509676
-1208.267716,200,18.760374
-1073.649402,200,19.00593
-1094.91891,200,19.771736
-1093.443625,200,20.017329
-738.639068,200,20.265397
-1241.175919,200,20.510848
-1046.300066,200,20.757978
-1237.026642,200,21.006025
