Eval mean reward,Eval std,Train walltime (s)
-1192.776548499553,207.70898193352983,21.01277208328247
