mean reward,std reward (seed),std reward (eval),mean train walltime (s),std train walltime (s)
-1138.1613149804666,66.78162728555726,266.2018683363257,80.12232840061188,0.37901368241348277
