#{"t_start": 1586176511.7467353, "env_id": "Pendulum-v0"}
r,l,t
-859.897444,200,0.932293
-852.89352,200,1.130521
-1516.207973,200,1.326442
-1181.081344,200,1.524217
-1532.823272,200,1.71916
-1636.04585,200,1.913927
-1690.897731,200,2.112744
-1737.094763,200,2.700392
-951.535234,200,2.895467
-876.370231,200,3.092996
-1639.598209,200,3.292226
-1488.828768,200,3.484297
-1325.314177,200,3.679778
-1469.713043,200,3.881559
-1286.045739,200,4.444248
-817.679818,200,4.642696
-1635.873562,200,4.837471
-1831.548544,200,5.038001
-906.488003,200,5.233223
-1815.68259,200,5.426823
-1037.188405,200,5.624642
-1044.182382,200,6.196009
-1014.913289,200,6.392785
-909.229758,200,6.591537
-1570.774211,200,6.786657
-1284.382387,200,6.986539
-1313.622031,200,7.180045
-1227.710867,200,7.376557
-1217.579724,200,7.94092
-888.007323,200,8.137675
-1167.394907,200,8.333574
-1007.440775,200,8.529606
-961.893581,200,8.72827
-1123.320247,200,8.925929
-1607.462245,200,9.123453
-1395.310187,200,9.681816
-1466.435509,200,9.874925
-1591.496362,200,10.071272
-990.890085,200,10.267736
-1854.512099,200,10.45999
-1775.627104,200,10.657353
-1748.899591,200,10.853599
-1434.524532,200,11.428127
-1441.376038,200,11.618422
-1553.510565,200,11.816574
-1329.887046,200,12.015102
-1580.231919,200,12.208951
-1334.64877,200,12.410859
-1600.76193,200,12.606067
-1517.871756,200,13.167243
-1342.253967,200,13.364984
-1436.809637,200,13.558847
-1804.88863,200,13.757488
-1497.218386,200,13.955175
-1420.598924,200,14.148754
-1607.015544,200,14.341784
-1847.54646,200,14.539412
-1704.562315,200,15.115456
-1699.745321,200,15.315719
-1798.438724,200,15.512942
-1317.088094,200,15.707949
-1736.092128,200,15.902068
-1490.899177,200,16.100153
-1462.465915,200,16.297492
-1778.34205,200,16.846978
-1816.503701,200,17.040501
-1860.805693,200,17.237468
-1626.265112,200,17.434658
-1403.083584,200,17.631827
-1553.389246,200,17.828653
-1666.138996,200,18.026311
