#{"t_start": 1586176511.7476385, "env_id": "Pendulum-v0"}
r,l,t
-1172.800666,200,0.931544
-888.849797,200,1.12977
-886.6014,200,1.325692
-889.618976,200,1.523468
-1067.885813,200,1.718417
-873.767302,200,1.913173
-873.518244,200,2.112008
-1708.064769,200,2.699642
-1529.050476,200,2.894716
-1343.066626,200,3.092256
-1318.659718,200,3.291474
-1323.249755,200,3.483544
-1269.018796,200,3.679027
-1422.48244,200,3.880804
-1267.678645,200,4.443501
-895.600481,200,4.641947
-1727.982154,200,4.836737
-861.898844,200,5.03725
-1016.840168,200,5.232528
-846.189084,200,5.426073
-1394.013932,200,5.623903
-1120.071135,200,6.195281
-1243.531404,200,6.392033
-1428.486445,200,6.590784
-1389.389955,200,6.785907
-968.675153,200,6.985789
-1090.736128,200,7.179289
-1555.63224,200,7.375841
-1744.846488,200,7.940165
-1192.831411,200,8.136924
-1033.703284,200,8.332824
-1364.33806,200,8.528865
-1011.060344,200,8.727519
-1272.841557,200,8.925174
-1810.708567,200,9.122702
-1289.147174,200,9.681067
-1610.366913,200,9.874172
-1598.592005,200,10.070525
-1455.574241,200,10.266984
-1256.169028,200,10.459239
-1829.216307,200,10.656646
-1250.931274,200,10.852861
-1408.423905,200,11.42738
-1765.723588,200,11.617703
-1728.232744,200,11.815825
-1353.21272,200,12.014351
-1754.869119,200,12.20822
-1518.885548,200,12.410109
-1313.529077,200,12.605363
-1449.52955,200,13.166493
-1490.824813,200,13.364233
-1606.865826,200,13.5581
-1458.959049,200,13.75674
-1471.294054,200,13.954422
-1232.190674,200,14.148026
-1791.767261,200,14.341034
-1682.324675,200,14.538684
-1582.4623,200,15.114812
-1842.056486,200,15.314971
-1488.922141,200,15.512193
-1426.054998,200,15.707213
-1672.857964,200,15.901356
-1674.040877,200,16.099426
-1638.153617,200,16.296742
-1841.619358,200,16.846225
-1518.911895,200,17.03975
-1570.24646,200,17.236714
-1850.209398,200,17.433907
-1801.289881,200,17.631096
-1638.978595,200,17.827903
-1762.57721,200,18.025564
