#{"t_start": 1586176511.7486503, "env_id": "Pendulum-v0"}
r,l,t
-921.037624,200,0.930681
-756.189031,200,1.128915
-1196.126118,200,1.32483
-1010.597694,200,1.522609
-1415.751923,200,1.717558
-859.14502,200,1.912338
-1515.451598,200,2.111147
-1350.019169,200,2.698782
-1519.731564,200,2.893853
-1153.202211,200,3.091405
-1168.6837,200,3.290612
-1399.644345,200,3.482683
-1672.612397,200,3.678165
-1270.929527,200,3.879955
-1750.617719,200,4.442662
-1183.907285,200,4.641088
-1611.724639,200,4.835896
-1192.485126,200,5.036409
-1825.591886,200,5.231733
-1030.018778,200,5.425212
-1017.181796,200,5.62308
-1037.61717,200,6.194432
-1023.295663,200,6.391171
-1006.700605,200,6.589921
-969.837682,200,6.785087
-1549.637183,200,6.984927
-898.265342,200,7.178424
-1201.232219,200,7.375012
-1763.121302,200,7.939301
-764.919624,200,8.13606
-869.522605,200,8.331965
-925.583302,200,8.528008
-1134.455842,200,8.726657
-1467.157491,200,8.924335
-1690.958648,200,9.12184
-1324.321713,200,9.68021
-948.061695,200,9.87331
-1813.794683,200,10.069663
-1294.39519,200,10.266122
-1840.063306,200,10.458379
-1678.242827,200,10.65581
-1356.234607,200,10.852009
-1734.195072,200,11.426521
-1455.545187,200,11.616869
-1409.392405,200,11.814962
-1482.023514,200,12.013491
-1571.546186,200,12.207369
-1581.944081,200,12.409249
-1270.427055,200,12.604512
-1818.24277,200,13.165633
-1516.224977,200,13.363372
-1619.295319,200,13.557242
-1674.476,200,13.755894
-1669.49925,200,13.95356
-1703.189966,200,14.147202
-1499.999697,200,14.340174
-1655.603432,200,14.537826
-1776.544075,200,15.114086
-1626.918709,200,15.314113
-1092.557749,200,15.511356
-1785.402056,200,15.70637
-1485.36929,200,15.900498
-1670.125064,200,16.098625
-1713.912292,200,16.295883
-1751.222369,200,16.845363
-1616.02931,200,17.038889
-1620.136431,200,17.235852
-1856.220714,200,17.433044
-1777.956133,200,17.630269
-1533.231875,200,17.82704
-1867.959138,200,18.024712
