Eval mean reward,Eval std,Train walltime (s)
-1752.5778280185,95.89562317687476,18.029632568359375
