Eval mean reward,Eval std,Train walltime (s)
-1280.8995821351343,74.54379541030264,20.993388652801514
