Eval mean reward,Eval std,Train walltime (s)
-1058.419010323791,340.21787457908545,80.28234100341797
