Eval mean reward,Eval std,Train walltime (s)
-1130.230570449084,247.6885751762754,36.41351675987244
