#{"t_start": 1586176623.2213502, "env_id": "Pendulum-v0"}
r,l,t
-854.390109,200,0.908455
-860.912874,200,1.104368
-1798.772399,200,1.302028
-1302.932136,200,1.502527
-1046.228688,200,1.700949
-1616.582271,200,1.911251
-1309.594248,200,2.109159
-862.300341,200,2.715071
-1345.639652,200,2.918185
-1230.318154,200,3.113481
-1069.436566,200,3.312715
-1047.051239,200,3.512567
-1275.221255,200,3.717067
-819.082135,200,3.9192
-770.953746,200,4.494096
-1025.136935,200,4.691804
-1009.685841,200,4.888184
-901.704008,200,5.087757
-940.777488,200,5.289441
-812.922353,200,5.488039
-1367.651696,200,5.690561
-1544.793357,200,6.283494
-1159.115795,200,6.484621
-1808.399912,200,6.684404
-873.55737,200,6.884047
-895.208185,200,7.079185
-1365.574775,200,7.276892
-861.566355,200,7.478444
-947.636279,200,8.057747
-1039.771423,200,8.258288
-908.090812,200,8.457645
-1842.70088,200,8.657899
-1006.480784,200,8.86217
-1053.95936,200,9.062326
-1112.66156,200,9.263371
-1100.426501,200,9.863581
-1085.683503,200,10.062991
-986.166193,200,10.262177
-1544.361914,200,10.460552
-1553.647058,200,10.660877
-1021.123194,200,10.86016
-1038.389462,200,11.063652
-858.102971,200,11.626798
-1616.264336,200,11.823882
-1606.941521,200,12.023246
-1013.294262,200,12.223037
-1207.828359,200,12.427718
-1771.538835,200,12.628535
-1716.432174,200,12.825156
-1560.58896,200,13.388029
-1481.705283,200,13.595424
-1500.756347,200,13.800478
-1409.830704,200,13.996203
-1760.097327,200,14.193815
-1622.415295,200,14.39121
-1545.298031,200,14.59101
-1628.543468,200,14.791047
-1835.638888,200,15.359081
-1627.759341,200,15.559653
-1818.831065,200,15.757581
-1772.724945,200,15.955826
-1850.855169,200,16.154828
-1648.552108,200,16.358133
-1734.869891,200,16.560824
-1815.671821,200,17.140187
-1483.674371,200,17.336417
-1475.653923,200,17.535391
-1505.520182,200,17.738279
-1765.867098,200,17.937769
-1774.443801,200,18.138493
-1329.559419,200,18.339616
