Eval mean reward,Eval std,Train walltime (s)
-1336.7651798641425,286.1024831581225,18.341439723968506
