Eval mean reward,Eval std,Train walltime (s)
-1236.0829622091494,189.36629999230755,80.48374104499817
