#{"t_start": 1586177058.4729693, "env_id": "Pendulum-v0"}
r,l,t
-970.616987,200,0.916167
-956.151857,200,1.125051
-1414.598043,200,1.331286
-1194.255547,200,1.541518
-1338.770792,200,1.743685
-1716.554352,200,1.953471
-1824.636635,200,2.575276
-1689.766411,200,2.785495
-1139.399821,200,2.996242
-755.915589,200,3.204899
-1731.283948,200,3.416204
-1503.951916,200,3.627718
-1355.637232,200,4.212048
-1843.565574,200,4.420409
-1499.786805,200,4.625689
-1008.041859,200,4.831134
-1460.690305,200,5.047243
-1800.276624,200,5.255059
-1315.328704,200,5.826585
-1830.689651,200,6.03345
-999.77104,200,6.243465
-1222.297559,200,6.45163
-1418.167445,200,6.659856
-1165.866303,200,6.870053
-1635.140422,200,7.080207
-1420.014361,200,7.655528
-1291.654513,200,7.865038
-1227.87424,200,8.069953
-1332.623424,200,8.28133
-1271.102415,200,8.4896
-1410.387137,200,8.697005
-1249.764861,200,9.306342
-1361.873058,200,9.520768
-1338.058525,200,9.730561
-1591.014111,200,9.944077
-1297.050827,200,10.150552
-1206.814181,200,10.361398
-1312.567997,200,10.939336
-1019.377768,200,11.150838
-1595.27953,200,11.360764
-1462.171355,200,11.572034
-1186.155314,200,11.781364
-902.003486,200,11.989997
-1268.888911,200,12.561267
-1011.022022,200,12.774533
-941.698612,200,12.983224
-1093.264198,200,13.195114
-984.025669,200,13.399492
-1223.737238,200,13.613952
-1160.97195,200,13.823516
-904.153623,200,14.415569
-1171.130757,200,14.622467
-1379.573529,200,14.834427
-1174.856072,200,15.038415
-1088.030755,200,15.248873
-1023.056269,200,15.458964
-1480.48514,200,16.038906
-1178.499305,200,16.252363
-1007.056853,200,16.464854
-1217.541894,200,16.671194
-887.754275,200,16.887402
-1441.037606,200,17.099865
