#{"t_start": 1586177058.4738898, "env_id": "Pendulum-v0"}
r,l,t
-1240.135422,200,0.915408
-645.550626,200,1.124279
-768.527217,200,1.330514
-763.07463,200,1.540746
-1069.81096,200,1.742914
-921.036322,200,1.952699
-873.491929,200,2.574628
-1807.478564,200,2.784726
-1673.095104,200,2.995469
-1380.530543,200,3.204125
-1389.63111,200,3.415436
-1178.036881,200,3.626944
-1665.133102,200,4.21128
-1666.113629,200,4.419641
-1133.393022,200,4.624912
-1114.090913,200,4.830359
-1542.31735,200,5.046474
-1162.182789,200,5.254282
-1054.202224,200,5.82581
-1024.702948,200,6.032684
-1558.274747,200,6.24269
-1168.064592,200,6.450858
-1645.580725,200,6.659112
-1661.275853,200,6.869279
-1694.492767,200,7.079465
-1321.543717,200,7.654759
-1163.880058,200,7.864268
-1680.758503,200,8.069175
-1718.719952,200,8.28056
-1682.884292,200,8.488825
-1260.547141,200,8.696232
-1559.539711,200,9.30557
-1319.530544,200,9.519995
-1187.830903,200,9.729789
-1742.690147,200,9.943304
-1089.029139,200,10.149795
-1350.783203,200,10.360644
-1308.550806,200,10.938564
-1188.719649,200,11.150067
-896.887699,200,11.359993
-1430.680984,200,11.571273
-1021.52062,200,11.780593
-1064.121077,200,11.989224
-1133.911684,200,12.560499
-1252.253142,200,12.773762
-1100.499445,200,12.982451
-1492.418526,200,13.19435
-1067.938093,200,13.398725
-1041.13993,200,13.613183
-1025.568106,200,13.822747
-1003.906543,200,14.414798
-1064.205155,200,14.621719
-888.912189,200,14.833654
-1023.766886,200,15.037642
-1090.095673,200,15.24811
-1120.295351,200,15.458196
-1145.426993,200,16.038142
-1141.409472,200,16.251591
-1297.179746,200,16.464087
-1077.833417,200,16.67042
-978.545063,200,16.886656
-1264.432632,200,17.099121
