Eval mean reward,Eval std,Train walltime (s)
-1182.6700784796808,279.71903069372485,17.10505223274231
