Eval mean reward,Eval std,Train walltime (s)
-1188.1914522620316,216.78070143915627,28.175211668014526
