Eval mean reward,Eval std,Train walltime (s)
-1693.7393872978678,90.6062025115392,18.177263259887695
