Eval mean reward,Eval std,Train walltime (s)
-1671.1337998428894,72.32326042037491,21.127282857894897
