Eval mean reward,Eval std,Train walltime (s)
-1027.2606113344966,265.76807216703827,59.86836290359497
