Eval mean reward,Eval std,Train walltime (s)
-774.5326675576746,634.1701406922151,36.47868251800537
