Eval mean reward,Eval std,Train walltime (s)
-1356.6199026293864,68.16904362764902,21.294708490371704
