#{"t_start": 1586177207.4706063, "env_id": "Pendulum-v0"}
r,l,t
-954.981515,200,0.915403
-1060.254613,200,1.122102
-992.162974,200,1.327368
-737.608704,200,1.537513
-1289.666608,200,1.74357
-1231.51599,200,1.950054
-1610.376058,200,2.562224
-1642.666161,200,2.771095
-1304.057174,200,2.978384
-752.388183,200,3.186639
-1137.82413,200,3.390671
-858.946261,200,3.598753
-918.946578,200,4.190596
-1060.40965,200,4.397949
-1166.599905,200,4.604714
-887.956091,200,4.812003
-1061.936014,200,5.017949
-1193.578402,200,5.225794
-1126.942012,200,5.8076
-1059.287905,200,6.018617
-833.366583,200,6.227762
-1440.258874,200,6.436419
-865.183756,200,6.647064
-1794.657411,200,6.852469
-997.366241,200,7.061224
-1499.632939,200,7.641441
-1529.224962,200,7.8486
-1674.948596,200,8.055685
-1052.555177,200,8.269318
-1491.470471,200,8.47122
-1412.241804,200,8.684283
-1561.685589,200,9.247315
-1492.250123,200,9.45515
-1085.815529,200,9.665889
-1798.572671,200,9.871084
-1242.024379,200,10.07865
-1183.465149,200,10.288125
-1187.369795,200,10.864295
-1814.973854,200,11.071609
-1826.326201,200,11.278053
-1633.622601,200,11.488974
-1862.090923,200,11.698289
-1597.689479,200,11.905793
-1724.415401,200,12.477062
-1758.767727,200,12.687888
-1691.213126,200,12.896209
-1671.955194,200,13.100207
-1818.453072,200,13.306934
-1669.623482,200,13.520083
-1826.491184,200,13.729435
-1679.907061,200,14.303274
-1694.809447,200,14.509416
-1865.011915,200,14.716797
-1556.819456,200,14.92296
-1692.263487,200,15.134436
-1792.796808,200,15.344024
-1656.236823,200,15.902071
-1666.325848,200,16.108627
-1774.223248,200,16.329279
-1875.712763,200,16.542652
-1837.138065,200,16.749035
-1855.008336,200,16.95632
