#{"t_start": 1586177207.4724212, "env_id": "Pendulum-v0"}
r,l,t
-1079.104794,200,0.91388
-972.760361,200,1.120858
-866.455842,200,1.325864
-818.460612,200,1.535992
-1274.687026,200,1.742056
-887.652585,200,1.948626
-1357.000769,200,2.560736
-1532.743408,200,2.769597
-1067.494894,200,2.976872
-896.03981,200,3.185115
-1485.067569,200,3.389182
-1387.963535,200,3.597229
-1055.100106,200,4.189078
-931.360366,200,4.396431
-1403.284121,200,4.603216
-1130.778292,200,4.810485
-1158.861713,200,5.016435
-1595.070138,200,5.224272
-959.472567,200,5.8061
-1281.12324,200,6.017098
-1172.5225,200,6.226237
-681.740812,200,6.434901
-1309.144979,200,6.645549
-972.223768,200,6.850943
-1361.016804,200,7.05971
-792.056228,200,7.639924
-1076.402427,200,7.847092
-1141.933415,200,8.054164
-1570.881559,200,8.267805
-1759.494283,200,8.469693
-1597.685043,200,8.682802
-1426.607394,200,9.2458
-1007.337448,200,9.453647
-1376.59324,200,9.664373
-1751.751436,200,9.869567
-1395.830379,200,10.077203
-1192.847863,200,10.28661
-1414.5953,200,10.86278
-1825.708077,200,11.070095
-1523.439086,200,11.276568
-1585.983263,200,11.487458
-1454.37934,200,11.696802
-1656.952165,200,11.904363
-1711.731176,200,12.475547
-1563.95647,200,12.686383
-1554.50831,200,12.894694
-1862.289188,200,13.098693
-1546.613518,200,13.305419
-1546.778458,200,13.518561
-1718.962637,200,13.727916
-1658.901582,200,14.301761
-1822.649656,200,14.507895
-1851.135337,200,14.715278
-1782.562494,200,14.921459
-1638.887701,200,15.132935
-1660.074244,200,15.34251
-1814.307012,200,15.900574
-1474.148072,200,16.107158
-1873.508755,200,16.327776
-1791.062851,200,16.54113
-1788.223962,200,16.747517
-1818.442786,200,16.954814
