Eval mean reward,Eval std,Train walltime (s)
-1774.341656356044,86.64480133246842,16.95977473258972
