Eval mean reward,Eval std,Train walltime (s)
-1500.3998654522513,76.20810259382796,27.827560901641846
