Eval mean reward,Eval std,Train walltime (s)
-1315.9817122547724,59.64340896526912,23.670682430267334
