Eval mean reward,Eval std,Train walltime (s)
-1176.983557807901,222.59008571082364,59.669224977493286
