Eval mean reward,Eval std,Train walltime (s)
-1066.9831105041712,335.5564427030658,80.76115298271179
