#{"t_start": 1586174548.0398905, "env_id": "Pendulum-v0"}
r,l,t
-1135.753003,200,0.909115
-859.503026,200,1.089849
-692.582207,200,1.273669
-758.339783,200,1.453822
-1072.659618,200,1.637171
-839.949782,200,1.820403
-975.37051,200,2.001773
-1721.30576,200,2.187937
-1455.55669,200,2.773177
-1362.127683,200,2.954591
-1187.146336,200,3.138913
-1224.74296,200,3.325608
-1405.912473,200,3.504325
-1512.874252,200,3.687823
-1169.430878,200,3.871543
-1172.266915,200,4.05531
-1708.319166,200,4.64362
-1449.750074,200,4.829442
-895.38493,200,5.016408
-982.775572,200,5.195367
-1483.956494,200,5.378806
-1184.197287,200,5.562507
-1723.047146,200,5.750905
-1792.371246,200,5.935099
-1363.092506,200,6.489552
-1071.627564,200,6.675271
-984.857642,200,6.861839
-1636.45633,200,7.049156
-1485.833235,200,7.234459
-1015.608989,200,7.421788
-893.564492,200,7.61067
-1167.461486,200,7.794867
-866.120083,200,7.978836
-811.199174,200,8.531539
-1741.022246,200,8.717784
-878.836501,200,8.910183
-1574.358756,200,9.09123
-1469.378182,200,9.277984
-1416.238672,200,9.466306
-961.60782,200,9.654315
-1500.735746,200,9.842525
-907.91603,200,10.4048
-963.10077,200,10.589076
-1532.766925,200,10.771589
-1843.709909,200,10.960512
-1549.415262,200,11.150599
-1700.961605,200,11.332285
-1562.08416,200,11.517376
-1431.327451,200,11.702256
-1514.718884,200,12.250353
-1593.321905,200,12.435344
-1628.85169,200,12.620197
-1446.190893,200,12.808059
-1426.406258,200,12.988746
-1367.094228,200,13.169047
-1838.707798,200,13.353082
-1687.781581,200,13.534796
-1472.87314,200,13.717188
-1755.254949,200,14.2657
-1609.701289,200,14.451101
-1587.304279,200,14.634549
-1704.101533,200,14.817861
-1708.015863,200,15.002273
-1695.114672,200,15.184464
-1863.337492,200,15.36787
-1570.443323,200,15.552599
-1577.32659,200,16.10099
-1825.400743,200,16.280027
-1843.651387,200,16.465924
-1656.862132,200,16.644242
-1759.328988,200,16.831419
-1664.944607,200,17.013592
-1604.81149,200,17.197587
-1588.584385,200,17.379519
-1767.144891,200,17.939215
-1854.088948,200,18.124517
-1701.24628,200,18.308782
-1873.449013,200,18.493496
-1861.060418,200,18.677999
-1850.370536,200,18.858873
-1438.921328,200,19.047079
-1764.615765,200,19.232273
-1826.549466,200,19.418717
