Eval mean reward,Eval std,Train walltime (s)
-1698.1005737573464,96.56476574816202,19.41961359977722
