Eval mean reward,Eval std,Train walltime (s)
-989.9348462727374,223.8101402538963,59.919142961502075
