#{"t_start": 1586176556.1881106, "env_id": "Pendulum-v0"}
r,l,t
-1062.812984,200,0.906617
-997.714142,200,1.100695
-1813.057425,200,1.295851
-1280.490236,200,1.492822
-1028.230728,200,1.691671
-1559.532012,200,1.889118
-1482.027036,200,2.083659
-1067.674793,200,2.689492
-1441.14863,200,2.883987
-1053.359815,200,3.081137
-972.010293,200,3.280449
-960.261059,200,3.477979
-947.683806,200,3.675441
-1169.342285,200,3.873042
-936.006666,200,4.446791
-828.396319,200,4.648365
-966.509777,200,4.847136
-993.809842,200,5.046162
-972.425306,200,5.246312
-759.864214,200,5.442312
-1459.829289,200,5.640637
-1647.970821,200,6.222731
-997.003942,200,6.416536
-1580.6429,200,6.614599
-1078.804851,200,6.815645
-990.486348,200,7.012196
-1513.961652,200,7.209147
-1000.195123,200,7.407129
-979.968513,200,7.987397
-845.072748,200,8.187597
-795.26503,200,8.387012
-1695.413286,200,8.586091
-871.958513,200,8.792921
-1111.322624,200,8.992731
-1171.17081,200,9.191593
-1098.859346,200,9.78738
-1104.226284,200,9.984511
-1069.457044,200,10.180829
-1466.440019,200,10.381446
-1695.425042,200,10.580654
-1115.960422,200,10.776545
-1148.972929,200,10.971598
-1151.822986,200,11.555461
-1235.866157,200,11.753018
-1346.626081,200,11.947337
-1021.096975,200,12.14291
-906.990182,200,12.3388
-1467.597236,200,12.535516
-1230.334525,200,12.727833
-1159.076536,200,13.331819
-1043.672632,200,13.526817
-1050.262954,200,13.719748
-1039.962529,200,13.911352
-1182.445262,200,14.115669
-1099.225633,200,14.312192
-853.385093,200,14.508301
-969.101077,200,14.70967
-1645.882078,200,15.278263
-1002.282338,200,15.475948
-1553.173551,200,15.672381
-1069.663028,200,15.867107
-1540.557223,200,16.062149
-1208.943463,200,16.260356
-1327.494158,200,16.461678
-1331.159801,200,17.032579
-1345.478325,200,17.228909
-1371.223913,200,17.427804
-1436.454394,200,17.62265
-1285.043903,200,17.820071
-1330.269437,200,18.017408
-1315.414387,200,18.214407
