#{"t_start": 1586176556.1890202, "env_id": "Pendulum-v0"}
r,l,t
-902.51806,200,0.905853
-1761.738187,200,1.099957
-1068.236104,200,1.295093
-904.069233,200,1.492098
-1656.361374,200,1.690909
-1635.490954,200,1.888363
-1451.001621,200,2.082924
-865.064739,200,2.688726
-1165.284582,200,2.88323
-1405.466736,200,3.080381
-1084.558664,200,3.279698
-1048.651317,200,3.477215
-1133.27088,200,3.674683
-1750.730784,200,3.872279
-875.316055,200,4.446028
-994.921857,200,4.647599
-1362.682393,200,4.84638
-1691.407506,200,5.045467
-1566.472999,200,5.24555
-1463.056216,200,5.44155
-981.015541,200,5.639896
-1280.710242,200,6.221967
-891.627232,200,6.41578
-1236.668488,200,6.613853
-1643.103517,200,6.814884
-1448.286406,200,7.011446
-1574.320228,200,7.208381
-1069.633778,200,7.406374
-1785.828103,200,7.986635
-1426.974903,200,8.186837
-903.797602,200,8.386245
-1146.98269,200,8.585371
-871.664859,200,8.792199
-1578.09021,200,8.991993
-1110.158695,200,9.190831
-1409.758587,200,9.786615
-1067.399847,200,9.983745
-1001.234394,200,10.180073
-1327.227183,200,10.380682
-1300.762562,200,10.579946
-1129.549406,200,10.775782
-1026.076319,200,10.970842
-1375.070083,200,11.554699
-1069.403411,200,11.752255
-1565.141751,200,11.94657
-1086.000479,200,12.142178
-1162.803108,200,12.338038
-1166.272465,200,12.534776
-1146.349996,200,12.727154
-1156.816474,200,13.331059
-1185.21459,200,13.526079
-1021.086143,200,13.718987
-1181.71876,200,13.910592
-1135.390518,200,14.114916
-1352.856689,200,14.31143
-1083.004975,200,14.50754
-1171.127198,200,14.708907
-887.625065,200,15.277503
-1006.048945,200,15.475188
-1602.435504,200,15.671618
-875.890111,200,15.866351
-899.338833,200,16.061414
-1068.85688,200,16.259593
-1330.496647,200,16.460917
-1282.609437,200,17.031822
-1275.151245,200,17.228149
-1344.605964,200,17.427041
-1349.932988,200,17.621887
-1348.828303,200,17.819312
-1310.772535,200,18.016647
-1348.050049,200,18.213646
