#{"t_start": 1586176556.1899192, "env_id": "Pendulum-v0"}
r,l,t
-894.343701,200,0.905101
-1084.026616,200,1.099206
-993.025601,200,1.294343
-748.553072,200,1.491404
-1381.875845,200,1.690156
-1074.772258,200,1.887625
-1599.910987,200,2.082183
-1701.984481,200,2.687971
-1312.925031,200,2.882478
-875.577653,200,3.079633
-999.998315,200,3.278955
-837.67952,200,3.476461
-966.202997,200,3.673955
-981.476952,200,3.871526
-1087.190646,200,4.445274
-1062.764297,200,4.646844
-888.988704,200,4.84563
-1160.204189,200,5.044724
-924.73605,200,5.244798
-1006.037238,200,5.440799
-1002.80486,200,5.639159
-1152.394352,200,6.221213
-1243.611787,200,6.415069
-1674.152156,200,6.613132
-1237.028305,200,6.814147
-1752.801953,200,7.010717
-1484.054752,200,7.207627
-1392.493366,200,7.405635
-970.574559,200,7.985883
-1242.139232,200,8.186086
-992.138659,200,8.385489
-1077.623523,200,8.584622
-1076.118955,200,8.791453
-1127.586364,200,8.991242
-1769.604294,200,9.190078
-1132.229256,200,9.785859
-912.164281,200,9.983107
-839.706633,200,10.179338
-1792.835038,200,10.379928
-1683.921976,200,10.579218
-1078.384876,200,10.775053
-1667.168595,200,10.970109
-1057.02136,200,11.553947
-1007.087174,200,11.7515
-994.022011,200,11.945815
-1017.510563,200,12.141439
-1035.732062,200,12.337289
-1187.558155,200,12.534038
-1185.389109,200,12.726445
-1098.149252,200,13.330307
-1024.363728,200,13.525357
-935.62964,200,13.718234
-1432.412553,200,13.90984
-1158.546843,200,14.114181
-1094.380975,200,14.310679
-1210.470098,200,14.506787
-969.889091,200,14.708155
-887.207067,200,15.276755
-1072.824391,200,15.474439
-1622.314459,200,15.670864
-1456.404503,200,15.865599
-1496.235782,200,16.060698
-1219.422173,200,16.258853
-1230.883185,200,16.460167
-1328.787394,200,17.031121
-1308.637271,200,17.227396
-1462.482941,200,17.426285
-1349.375247,200,17.621135
-1351.052317,200,17.818561
-1347.98099,200,18.015899
-1280.339663,200,18.212897
