Eval mean reward,Eval std,Train walltime (s)
-1321.0667148330901,66.35816927973019,18.218412399291992
