mean reward,std reward (seed),std reward (eval),mean train walltime (s),std train walltime (s)
-1489.6537017396872,244.88418418808286,132.80818989399782,18.166711020469666,0.10421907191823401
