#{"t_start": 1586182689.8052895, "env_id": "Pendulum-v0"}
r,l,t
-985.026197,200,0.995081
-1050.716999,200,1.250238
-1445.216326,200,1.500764
-988.951443,200,1.753249
-1435.898002,200,2.005481
-1724.306174,200,2.254555
-1779.492035,200,3.05873
-1742.911052,200,3.305638
-892.400412,200,3.557916
-898.95237,200,3.806731
-1589.338314,200,4.053445
-1489.696379,200,4.304132
-1222.044471,200,5.077373
-1593.057499,200,5.329966
-1413.318938,200,5.58549
-905.782732,200,5.837094
-1502.68098,200,6.086218
-1833.453913,200,6.337809
-1012.489945,200,7.116712
-1858.918161,200,7.370071
-884.221343,200,7.622704
-1272.682545,200,7.873302
-1175.342312,200,8.130211
-1033.905486,200,8.377016
-1718.97617,200,8.628682
-1162.57329,200,9.40824
-1189.863759,200,9.660278
-1021.496346,200,9.913281
-929.411015,200,10.16859
-984.177273,200,10.421583
-1001.021706,200,10.672557
-893.195142,200,11.444932
-888.74204,200,11.695852
-905.248084,200,11.942365
-1237.453824,200,12.19568
-914.505224,200,12.450856
-1266.865839,200,12.702382
-1125.382946,200,13.496556
-1194.532826,200,13.751139
-1481.398018,200,14.005736
-1525.225416,200,14.255238
-1135.996146,200,14.505395
-1194.141232,200,14.754559
-1063.278548,200,15.521975
-1008.731973,200,15.774962
-1016.437097,200,16.02557
-1189.520547,200,16.275253
-1321.042813,200,16.524777
-1168.843044,200,16.776294
-1113.382697,200,17.02356
-1182.125563,200,17.815367
-1223.604017,200,18.068153
-1222.656816,200,18.322724
-1215.900005,200,18.571426
-1311.405546,200,18.824922
-1160.416923,200,19.077073
-1174.136548,200,19.857532
-979.679535,200,20.108383
-1223.810333,200,20.355527
-1376.40807,200,20.603953
-1231.367471,200,20.854371
-1680.988966,200,21.107682
