#{"t_start": 1586182689.8062758, "env_id": "Pendulum-v0"}
r,l,t
-1006.195559,200,0.994298
-882.044731,200,1.249451
-915.315162,200,1.500007
-859.022096,200,1.752455
-1057.356002,200,2.004692
-902.506488,200,2.253761
-1073.232451,200,3.057932
-1788.200056,200,3.304843
-1580.040269,200,3.557122
-1195.132169,200,3.805933
-1188.6257,200,4.052646
-977.69932,200,4.303344
-1449.584683,200,5.076601
-1492.560536,200,5.329188
-1175.04582,200,5.584734
-1073.037267,200,5.836297
-1687.966324,200,6.085429
-1175.572784,200,6.337017
-862.011822,200,7.115929
-878.659649,200,7.369275
-1492.747759,200,7.62193
-860.586915,200,7.872506
-1382.568155,200,8.12942
-1688.840533,200,8.376222
-1429.786842,200,8.627895
-887.144819,200,9.407446
-883.755247,200,9.659486
-1377.426647,200,9.912488
-1482.292777,200,10.167801
-987.257478,200,10.420794
-858.015105,200,10.671761
-1282.220825,200,11.44414
-886.070231,200,11.695065
-920.84554,200,11.941568
-1536.196777,200,12.194887
-778.598506,200,12.450109
-1107.159677,200,12.701587
-1136.974767,200,13.495764
-1266.690662,200,13.750353
-1310.052874,200,14.004951
-1330.999494,200,14.254449
-1289.931003,200,14.504606
-1201.130177,200,14.753768
-1019.645333,200,15.521185
-1617.382486,200,15.774181
-1066.994693,200,16.024807
-1192.789635,200,16.27447
-1218.410628,200,16.523998
-1279.571059,200,16.775508
-1070.691173,200,17.022805
-1202.759653,200,17.814611
-1198.942429,200,18.067365
-1372.97183,200,18.321936
-1331.601219,200,18.570649
-1286.814993,200,18.824129
-1270.467161,200,19.076276
-1276.037159,200,19.856738
-1018.254961,200,20.107588
-1391.805752,200,20.354775
-1288.419688,200,20.60316
-922.775217,200,20.853579
-1207.805365,200,21.106919
