#{"t_start": 1586182689.8072026, "env_id": "Pendulum-v0"}
r,l,t
-1073.032875,200,0.993532
-972.326611,200,1.248682
-867.475209,200,1.499243
-1168.204636,200,1.751686
-1326.967595,200,2.003922
-764.689366,200,2.252995
-1390.441808,200,3.057161
-1362.099785,200,3.304073
-1416.727298,200,3.556354
-1103.315426,200,3.805162
-881.760386,200,4.051875
-1706.986302,200,4.302577
-1605.120553,200,5.076164
-1290.17281,200,5.328441
-1397.147384,200,5.583972
-1176.926926,200,5.835528
-1728.89366,200,6.084666
-1191.133607,200,6.33625
-1772.900068,200,7.115166
-1072.060343,200,7.368503
-1071.064196,200,7.621199
-877.829057,200,7.871736
-1071.537277,200,8.128654
-1041.968593,200,8.375453
-966.698807,200,8.62713
-1612.470124,200,9.406677
-1045.839386,200,9.658717
-1064.536357,200,9.911718
-1814.190845,200,10.167299
-1003.80404,200,10.420028
-978.325899,200,10.670989
-899.327246,200,11.44337
-937.765463,200,11.694298
-1042.603155,200,11.940807
-1462.33061,200,12.194123
-1086.883876,200,12.449345
-1049.902001,200,12.700818
-1658.876271,200,13.495001
-1072.826886,200,13.749586
-1823.154365,200,14.0042
-1255.470915,200,14.253692
-1094.597099,200,14.50384
-1629.803822,200,14.753
-1052.0494,200,15.520415
-895.619164,200,15.773414
-1173.699356,200,16.024095
-1161.529322,200,16.273802
-1193.08995,200,16.523233
-1334.49601,200,16.774744
-1413.824565,200,17.022044
-1158.035138,200,17.813956
-1202.199451,200,18.066601
-1194.17147,200,18.321167
-1058.111216,200,18.569881
-1483.808239,200,18.82336
-1137.069205,200,19.075504
-1151.9505,200,19.855969
-1179.537835,200,20.106819
-1023.030545,200,20.354038
-1325.967196,200,20.602418
-1250.633219,200,20.852816
-1177.531093,200,21.106164
