#{"t_start": 1586182689.8090417, "env_id": "Pendulum-v0"}
r,l,t
-897.489921,200,0.992029
-1657.990732,200,1.247153
-996.988556,200,1.497709
-749.693582,200,1.750149
-1540.472775,200,2.00241
-1725.22965,200,2.251465
-1441.362899,200,3.05562
-741.495142,200,3.302546
-1302.704688,200,3.55482
-1165.803572,200,3.803621
-974.939933,200,4.050338
-1218.053092,200,4.301043
-1288.740711,200,5.074634
-1594.439774,200,5.32693
-1159.757451,200,5.582438
-1162.033461,200,5.833996
-1353.291356,200,6.083142
-1447.584206,200,6.334716
-1658.725714,200,7.113633
-1510.221763,200,7.366964
-948.829601,200,7.619723
-1162.639635,200,7.870202
-739.738796,200,8.127122
-872.008719,200,8.373916
-1340.461548,200,8.625603
-1304.978267,200,9.405151
-1388.792918,200,9.657186
-914.484629,200,9.91018
-1619.940744,200,10.16577
-1121.900973,200,10.418492
-901.438928,200,10.669449
-1000.280524,200,11.441833
-926.63295,200,11.692756
-1628.289501,200,11.939296
-1204.122645,200,12.192594
-1377.927669,200,12.447814
-987.076915,200,12.699317
-1085.545523,200,13.493476
-983.125556,200,13.748086
-1115.387289,200,14.00271
-1176.852341,200,14.252213
-1131.76314,200,14.502328
-1564.893122,200,14.751467
-1155.428469,200,15.518897
-1667.689528,200,15.771906
-1036.789621,200,16.022575
-1266.822549,200,16.272283
-1317.946307,200,16.521703
-1191.549346,200,16.77321
-1041.448589,200,17.020514
-1044.18988,200,17.812442
-1070.969481,200,18.065073
-1170.378027,200,18.319631
-1304.941805,200,18.568339
-1191.180641,200,18.821822
-1289.615364,200,19.073962
-1046.069883,200,19.854445
-1330.883452,200,20.10528
-1363.099478,200,20.352772
-1213.797053,200,20.600929
-1030.255396,200,20.851464
-1100.316337,200,21.104681
