#{"t_start": 1586182689.8099563, "env_id": "Pendulum-v0"}
r,l,t
-973.960142,200,0.991265
-1212.682716,200,1.246391
-1013.275177,200,1.496943
-830.845452,200,1.749382
-1488.904638,200,2.001658
-1163.159306,200,2.2507
-1753.252722,200,3.054852
-1651.932436,200,3.301779
-1265.034886,200,3.554055
-885.977433,200,3.802853
-964.544974,200,4.049576
-947.044992,200,4.300279
-982.255717,200,5.073868
-910.084415,200,5.32623
-967.505684,200,5.581673
-870.997615,200,5.833245
-881.24332,200,6.082379
-1176.482108,200,6.333953
-873.982963,200,7.112868
-943.358645,200,7.366197
-908.245172,200,7.619016
-1341.460039,200,7.869435
-1077.456434,200,8.126436
-1447.200328,200,8.37315
-1013.899325,200,8.624843
-1589.198865,200,9.404386
-1406.297731,200,9.656422
-1328.153388,200,9.909413
-870.697616,200,10.165007
-1083.769129,200,10.417727
-754.853689,200,10.668682
-1009.070899,200,11.441066
-1403.399286,200,11.691988
-888.473804,200,11.938542
-1669.330521,200,12.191831
-991.218827,200,12.44709
-864.637726,200,12.698557
-1035.312515,200,13.492713
-1658.377157,200,13.747322
-1547.643903,200,14.001945
-1022.464665,200,14.251467
-1510.439709,200,14.501574
-1236.675243,200,14.750704
-948.737576,200,15.518134
-1223.683107,200,15.771147
-1187.861044,200,16.021813
-1215.012743,200,16.271523
-1013.779559,200,16.520945
-1267.70425,200,16.772445
-1158.247628,200,17.019754
-1145.766516,200,17.811676
-1365.56327,200,18.064312
-1534.46892,200,18.318866
-1279.424142,200,18.567569
-1066.926177,200,18.821054
-1026.394205,200,19.073193
-1334.392255,200,19.853682
-1369.624484,200,20.104513
-1049.545136,200,20.352011
-1706.439757,200,20.600201
-1125.284059,200,20.850786
-1355.289238,200,21.103948
