#{"t_start": 1586182689.8108613, "env_id": "Pendulum-v0"}
r,l,t
-811.563996,200,0.990508
-873.582058,200,1.245652
-1173.591335,200,1.496186
-859.25192,200,1.748626
-847.845204,200,2.000905
-889.092948,200,2.249946
-1445.946347,200,3.054123
-965.992846,200,3.301022
-1161.682818,200,3.5533
-992.713685,200,3.802161
-963.94417,200,4.048817
-1401.22339,200,4.299524
-866.437797,200,5.073113
-1714.864083,200,5.32548
-1849.006637,200,5.580918
-1773.405214,200,5.832519
-968.958599,200,6.081624
-1140.002333,200,6.333197
-1475.560142,200,7.112119
-1056.113404,200,7.365439
-1772.794275,200,7.618275
-1330.760932,200,7.868677
-1740.667761,200,8.125683
-1061.514495,200,8.372393
-1598.831636,200,8.62409
-919.945125,200,9.40363
-1035.314059,200,9.655666
-980.628023,200,9.908658
-1530.304485,200,10.164294
-1300.3572,200,10.41697
-904.571588,200,10.667928
-883.201777,200,11.440308
-795.52151,200,11.691229
-1045.658763,200,11.937788
-1132.111568,200,12.191078
-1608.341631,200,12.446336
-1641.247791,200,12.697824
-1182.604207,200,13.491958
-1514.153007,200,13.746567
-1046.283705,200,14.001188
-1195.435978,200,14.250734
-1179.251709,200,14.500829
-1176.527364,200,14.749948
-1195.878262,200,15.517385
-1189.672734,200,15.770394
-870.031924,200,16.021059
-1139.693045,200,16.270771
-1168.632977,200,16.520192
-1093.913795,200,16.771689
-1661.382708,200,17.019006
-1323.033074,200,17.810918
-1350.446305,200,18.063558
-1349.372446,200,18.318146
-959.559486,200,18.566808
-899.762802,200,18.820296
-1625.946102,200,19.072434
-1726.283263,200,19.852927
-1010.137022,200,20.103759
-1333.930717,200,20.351263
-886.514861,200,20.599481
-1361.574133,200,20.850072
-1160.936053,200,21.103201
