Eval mean reward,Eval std,Train walltime (s)
-1208.6746596572991,162.8078426758064,21.108919382095337
