Eval mean reward,Eval std,Train walltime (s)
-1094.869801018918,313.6451772819724,80.00673699378967
