Eval mean reward,Eval std,Train walltime (s)
-1219.7588864319425,105.58887085452784,21.20114541053772
