Eval mean reward,Eval std,Train walltime (s)
-1780.2866030865255,85.04449492435242,19.201472520828247
