Eval mean reward,Eval std,Train walltime (s)
-1688.0099255407652,110.44296074088554,19.474956035614014
