Eval mean reward,Eval std,Train walltime (s)
-1104.9853698086556,309.32754298167634,79.89681696891785
