Eval mean reward,Eval std,Train walltime (s)
-1215.067360301688,147.36508379268577,79.40463900566101
