Eval mean reward,Eval std,Train walltime (s)
-1269.5459849891765,104.53695145019884,59.73513197898865
