#{"t_start": 1586177101.2684367, "env_id": "Pendulum-v0"}
r,l,t
-852.491507,200,0.92077
-880.992616,200,1.125985
-1621.057448,200,1.334919
-1067.954108,200,1.544727
-1474.470159,200,1.755528
-1589.698163,200,1.966503
-1794.837991,200,2.574666
-1723.076425,200,2.789571
-874.632134,200,2.994408
-904.490927,200,3.198768
-1479.664341,200,3.410497
-1665.159287,200,3.619328
-1402.886364,200,4.194168
-1684.675908,200,4.408537
-1089.268352,200,4.621873
-629.931011,200,4.82895
-1663.663589,200,5.033684
-1766.628343,200,5.245005
-1069.608013,200,5.814333
-1612.444825,200,6.026746
-1148.76468,200,6.235123
-1142.828447,200,6.443315
-1469.220028,200,6.652957
-1191.360086,200,6.865386
-1753.125503,200,7.074013
-1465.484558,200,7.64197
-1195.541116,200,7.848575
-1116.239776,200,8.053417
-1170.344516,200,8.262611
-1219.32842,200,8.468259
-1208.672139,200,8.675537
-1076.460218,200,9.245268
-1144.334623,200,9.458235
-1459.068527,200,9.671169
-1721.559487,200,9.878291
-1533.532911,200,10.091989
-1749.574208,200,10.302245
-1744.581952,200,10.886916
-1408.531393,200,11.097799
-1889.628244,200,11.302719
-1842.070488,200,11.514137
-1811.081737,200,11.721849
-1651.383366,200,11.933622
-1615.317052,200,12.519644
-1752.788336,200,12.730357
-1629.94379,200,12.942886
-1783.325956,200,13.153352
-1574.047326,200,13.360168
-1819.314341,200,13.56988
-1763.256318,200,13.775139
-1663.143327,200,14.360856
-1549.275698,200,14.575573
-1815.198379,200,14.786372
-1659.977508,200,14.99658
-1565.994011,200,15.207814
-1731.769776,200,15.419967
-1814.41199,200,16.007167
-1760.892858,200,16.212499
-1708.346133,200,16.421969
-1797.621139,200,16.632942
-1591.989429,200,16.846549
-1794.133786,200,17.058443
