#{"t_start": 1586177101.271277, "env_id": "Pendulum-v0"}
r,l,t
-916.088848,200,0.918374
-861.085874,200,1.123591
-1797.120752,200,1.332575
-1438.071164,200,1.54251
-862.474404,200,1.753151
-1706.329199,200,1.964109
-1501.094447,200,2.572305
-893.139645,200,2.787176
-1447.866702,200,2.992016
-974.827567,200,3.19637
-1070.4448,200,3.408111
-1073.303844,200,3.616932
-1226.927616,200,4.191809
-1012.85508,200,4.40617
-899.057342,200,4.619557
-890.329746,200,4.826553
-1071.623629,200,5.031291
-835.536335,200,5.242608
-995.785872,200,5.811997
-976.100458,200,6.024354
-1480.307359,200,6.232739
-1637.612783,200,6.440937
-1324.881847,200,6.650568
-1720.949906,200,6.862999
-972.556784,200,7.071625
-886.599733,200,7.63958
-1592.090625,200,7.846191
-905.092419,200,8.051024
-1169.993681,200,8.260222
-1089.273658,200,8.465964
-850.238054,200,8.673146
-1740.134053,200,9.242873
-1396.633443,200,9.455842
-1681.330871,200,9.66886
-1773.524384,200,9.875951
-1426.60725,200,10.089618
-1758.242164,200,10.299897
-1681.250163,200,10.88452
-1857.940612,200,11.095408
-1827.910652,200,11.300331
-1732.834057,200,11.511744
-1683.751875,200,11.719744
-1638.92823,200,11.931225
-1789.541679,200,12.517256
-1875.147014,200,12.728093
-1627.956918,200,12.940534
-1593.484851,200,13.151003
-1864.716724,200,13.357942
-1813.201425,200,13.567557
-1736.994127,200,13.772745
-1683.010717,200,14.358571
-1531.65169,200,14.573172
-1610.029007,200,14.783982
-1780.954405,200,14.994206
-1689.665251,200,15.205469
-1544.428402,200,15.417575
-1553.029144,200,16.004783
-1834.131258,200,16.210112
-1583.749213,200,16.419577
-1837.244954,200,16.630544
-1708.421327,200,16.844169
-1806.948326,200,17.056137
