#{"t_start": 1586177101.2722015, "env_id": "Pendulum-v0"}
r,l,t
-970.948058,200,0.917594
-1635.468542,200,1.122823
-897.241916,200,1.331804
-779.124521,200,1.541736
-1665.018819,200,1.752383
-1571.976719,200,1.963332
-1610.788889,200,2.571528
-857.637429,200,2.7864
-1216.808973,200,2.991239
-1212.593715,200,3.195591
-1071.946593,200,3.407334
-1146.805441,200,3.616155
-1294.513007,200,4.19105
-1576.645154,200,4.405405
-1065.888662,200,4.61882
-949.398833,200,4.825775
-1311.288139,200,5.030513
-1537.845715,200,5.241831
-1461.531679,200,5.811248
-1645.567468,200,6.023576
-831.455978,200,6.231965
-1275.746567,200,6.440164
-1177.995566,200,6.649793
-1070.272528,200,6.862222
-1770.969255,200,7.070867
-1521.308664,200,7.638805
-1719.879889,200,7.845416
-1076.870366,200,8.050249
-1851.565143,200,8.259446
-1429.366596,200,8.465232
-1061.489411,200,8.672373
-1212.535366,200,9.242094
-1047.851543,200,9.455066
-1751.780388,200,9.66812
-1724.221917,200,9.875182
-1829.822459,200,10.08887
-1601.457804,200,10.299123
-1418.763618,200,10.883741
-1755.054812,200,11.094632
-1827.007396,200,11.299557
-1762.801261,200,11.510967
-1595.390241,200,11.719037
-1809.966765,200,11.930447
-1622.642353,200,12.516482
-1853.202434,200,12.727411
-1639.616418,200,12.939778
-1618.014929,200,13.15024
-1696.409581,200,13.357202
-1703.716788,200,13.566809
-1659.587362,200,13.771968
-1711.382941,200,14.357893
-1665.901511,200,14.572393
-1774.895126,200,14.783205
-1681.454514,200,14.99343
-1737.317886,200,15.204692
-1680.988577,200,15.416832
-1697.064817,200,16.004008
-1518.606907,200,16.209333
-1552.607654,200,16.418801
-1823.747622,200,16.629766
-1681.117368,200,16.843395
-1308.050696,200,17.055382
