Eval mean reward,Eval std,Train walltime (s)
-1685.4059705430084,128.6742179975513,17.06203055381775
