#{"t_start": 1586182715.0983615, "env_id": "Pendulum-v0"}
r,l,t
-967.494609,200,0.975093
-1655.741565,200,1.222099
-828.262903,200,1.469043
-762.499694,200,1.715513
-1636.447066,200,1.967671
-1503.009035,200,2.223636
-1524.409382,200,3.046277
-958.873719,200,3.303109
-1472.661661,200,3.548244
-1316.067516,200,3.797347
-1070.668385,200,4.050329
-883.254072,200,4.300795
-1210.712354,200,5.068254
-1866.513796,200,5.317626
-1295.581654,200,5.564893
-1117.751453,200,5.809979
-1223.725623,200,6.056068
-1550.596721,200,6.30748
-1692.056638,200,7.081227
-1601.868521,200,7.340254
-1263.713656,200,7.602643
-1275.106092,200,7.863406
-879.094381,200,8.129022
-876.603717,200,8.38481
-1625.215977,200,8.643649
-1214.495923,200,9.411207
-1490.90653,200,9.679718
-1097.620717,200,9.950582
-1618.557903,200,10.204308
-1129.871042,200,10.478711
-971.18228,200,10.738701
-871.960538,200,11.513801
-1052.198684,200,11.77448
-1849.064704,200,12.042203
-1197.674268,200,12.303292
-1540.954748,200,12.555384
-1031.730478,200,12.800019
-1065.287786,200,13.591884
-1118.029615,200,13.847968
-1132.549484,200,14.101816
-1081.623672,200,14.36006
-1194.824667,200,14.614337
-1512.727131,200,14.884747
-1084.270223,200,15.697353
-1636.540309,200,16.018373
-1203.208024,200,16.307867
-1200.424149,200,16.571357
-1183.493406,200,16.83589
-1015.708135,200,17.103565
-1020.420892,200,17.372512
-1189.558523,200,18.191656
-1101.376315,200,18.460265
-1203.890308,200,18.730533
-1214.270969,200,18.985528
-1178.22055,200,19.249075
-1174.88018,200,19.510478
-1101.636044,200,20.346173
-1218.290131,200,20.608339
-1353.136028,200,20.871537
-1444.274493,200,21.134758
-1314.319543,200,21.39463
-1233.097179,200,21.660069
