#{"t_start": 1586182715.1002154, "env_id": "Pendulum-v0"}
r,l,t
-961.637651,200,0.973559
-1068.730433,200,1.220539
-1069.90903,200,1.467479
-867.940667,200,1.713969
-886.43722,200,1.966162
-772.391943,200,2.222074
-1560.964269,200,3.044796
-973.915959,200,3.301555
-857.044808,200,3.546689
-856.498649,200,3.795784
-864.43139,200,4.048813
-1762.552307,200,4.299234
-861.562189,200,5.066699
-1626.123436,200,5.316067
-1785.379924,200,5.563344
-1800.467972,200,5.80842
-809.423145,200,6.054524
-1179.849529,200,6.305926
-1465.350536,200,7.079702
-1100.770006,200,7.338711
-1751.618653,200,7.601147
-1547.210467,200,7.861938
-1574.045972,200,8.127484
-993.490672,200,8.383319
-1747.176882,200,8.642091
-1046.783581,200,9.409706
-944.954055,200,9.678182
-1171.451045,200,9.949049
-1670.830926,200,10.202761
-1050.417155,200,10.477162
-782.716961,200,10.737172
-1034.934422,200,11.512252
-1165.350437,200,11.773007
-814.386916,200,12.040672
-1079.757107,200,12.301738
-1786.325702,200,12.55392
-1453.362491,200,12.798461
-954.931737,200,13.590333
-1581.606248,200,13.846504
-1135.780359,200,14.100262
-1172.30119,200,14.358505
-1171.62061,200,14.612871
-999.016185,200,14.883266
-1105.179669,200,15.695804
-1233.485723,200,16.016909
-1184.238041,200,16.306335
-1208.12519,200,16.569816
-1120.752239,200,16.834369
-1401.725697,200,17.102007
-1247.680449,200,17.370967
-1211.09051,200,18.190092
-1169.214039,200,18.458708
-1141.314129,200,18.729005
-862.483576,200,18.983968
-1046.074026,200,19.247514
-1666.53229,200,19.508926
-1502.814874,200,20.344726
-1147.738625,200,20.60695
-1377.610315,200,20.869988
-1175.146228,200,21.133249
-1357.64989,200,21.393087
-1262.151132,200,21.658519
