#{"t_start": 1586182715.1011486, "env_id": "Pendulum-v0"}
r,l,t
-1157.933138,200,0.972776
-1076.572411,200,1.219757
-977.67241,200,1.466689
-878.105349,200,1.713265
-1185.882801,200,1.965394
-886.318619,200,2.221287
-1326.132381,200,3.044014
-1758.190468,200,3.30077
-634.034403,200,3.545904
-868.041616,200,3.794995
-1614.014379,200,4.048033
-1575.504312,200,4.298447
-871.320105,200,5.065914
-772.263866,200,5.315281
-1634.568129,200,5.562561
-879.756389,200,5.807633
-965.903818,200,6.053749
-1473.28069,200,6.305142
-1060.86917,200,7.078921
-1281.784725,200,7.337931
-1386.79491,200,7.600368
-840.96883,200,7.861172
-1295.990161,200,8.126715
-974.295197,200,8.382538
-1345.107069,200,8.641329
-796.342728,200,9.408946
-967.634919,200,9.677402
-965.051896,200,9.948269
-1344.22959,200,10.201975
-1315.202707,200,10.476378
-1074.170939,200,10.736394
-1065.475363,200,11.511469
-905.821711,200,11.772311
-943.867049,200,12.039906
-1408.515748,200,12.300956
-853.319729,200,12.553236
-1135.451193,200,12.797673
-1110.91295,200,13.589549
-1492.130783,200,13.845722
-1035.777832,200,14.099478
-1164.587424,200,14.357731
-1043.998562,200,14.612101
-1172.92772,200,14.882486
-1027.628501,200,15.69502
-1235.198897,200,16.016151
-1200.166162,200,16.305551
-1765.134094,200,16.569035
-1085.034262,200,16.833587
-1191.551816,200,17.101223
-1197.932289,200,17.370184
-1216.667293,200,18.189355
-1145.704627,200,18.457922
-1526.103168,200,18.72822
-1142.658167,200,18.983183
-1322.11008,200,19.246728
-1219.702517,200,19.508157
-997.925985,200,20.344012
-1202.905897,200,20.606276
-1573.372484,200,20.86921
-1055.696293,200,21.132514
-1170.019681,200,21.392333
-1269.34529,200,21.657734
