Eval mean reward,Eval std,Train walltime (s)
-1258.7388547652934,151.04086542988492,21.663479804992676
