#{"t_start": 1586174595.0581572, "env_id": "Pendulum-v0"}
r,l,t
-1494.202671,200,0.900951
-1408.119714,200,1.084719
-1359.175949,200,1.268852
-1367.410106,200,1.452688
-1081.60769,200,1.640934
-954.140408,200,1.823733
-1578.908382,200,2.006606
-1304.028085,200,2.189499
-896.62102,200,2.77387
-1502.90018,200,2.959856
-840.280137,200,3.143993
-1079.966344,200,3.328322
-1234.737299,200,3.508722
-869.196804,200,3.689006
-1313.32977,200,3.870156
-1282.020989,200,4.054075
-1164.148665,200,4.62536
-1332.438062,200,4.810943
-1062.921104,200,4.992773
-1763.444585,200,5.179171
-1401.587212,200,5.360909
-1175.786832,200,5.543676
-1189.764636,200,5.729054
-1786.209049,200,5.912418
-1531.924302,200,6.462623
-978.22492,200,6.645536
-1259.276845,200,6.829112
-1694.994167,200,7.012181
-985.533679,200,7.193596
-1453.148539,200,7.373634
-1339.453815,200,7.555763
-1304.541007,200,7.739849
-1360.349461,200,7.920268
-1170.89142,200,8.460777
-1625.088072,200,8.643229
-1213.07692,200,8.826901
-1197.577846,200,9.009787
-1604.186413,200,9.192609
-1371.476619,200,9.378929
-1575.019591,200,9.563855
-1771.921833,200,9.745541
-1340.99433,200,10.295917
-1104.260885,200,10.481373
-1849.779168,200,10.661706
-1403.813394,200,10.847102
-1318.940463,200,11.029334
-1710.985615,200,11.211542
-1212.097217,200,11.394428
-1382.298228,200,11.579868
-1554.152218,200,12.128111
-1354.684382,200,12.310378
-1708.102784,200,12.485932
-1838.471851,200,12.667871
-1772.410271,200,12.853608
-1342.734557,200,13.041954
-1451.149296,200,13.227987
-1501.700403,200,13.41232
-1786.071382,200,13.595873
-1599.763221,200,14.141487
-1608.655608,200,14.323904
-1605.497457,200,14.510017
-1531.193375,200,14.693172
-1687.673633,200,14.876385
-1544.081228,200,15.060901
-1851.091254,200,15.245498
-1308.786536,200,15.432357
-1808.738671,200,15.971288
-1564.729735,200,16.155514
-1702.898806,200,16.339077
-1866.866775,200,16.525445
-1746.389446,200,16.711089
-1882.806931,200,16.894428
-1651.092755,200,17.080022
-1880.368492,200,17.261822
-1596.678551,200,17.81294
-1770.814623,200,17.995514
-1662.240155,200,18.178496
-1576.764648,200,18.361582
-1821.990181,200,18.545389
-1823.0121,200,18.725459
-1854.290208,200,18.907778
-1642.964426,200,19.089448
-1787.426862,200,19.272239
