Eval mean reward,Eval std,Train walltime (s)
-1755.7974470787522,91.47892849003672,19.276902437210083
