Eval mean reward,Eval std,Train walltime (s)
-1135.2529165019725,293.5193759002262,36.64408326148987
