Eval mean reward,Eval std,Train walltime (s)
-1492.028445412116,153.32245384810997,23.92793607711792
