Eval mean reward,Eval std,Train walltime (s)
-1059.3888641184258,205.6349504271071,36.130545139312744
