Eval mean reward,Eval std,Train walltime (s)
-1574.9079664045294,53.44384000195296,27.92960834503174
