#{"t_start": 1586182741.6026623, "env_id": "Pendulum-v0"}
r,l,t
-865.930091,200,1.122601
-1136.615756,200,1.392529
-1786.868787,200,1.692368
-1297.328436,200,2.025086
-985.237362,200,2.372931
-1611.535662,200,2.703832
-1507.764455,200,3.722035
-850.514763,200,4.007615
-1366.304384,200,4.297734
-1329.841808,200,4.589492
-987.076479,200,4.875819
-867.546029,200,5.145528
-1252.990881,200,5.94261
-862.262274,200,6.217367
-776.699467,200,6.483053
-905.026656,200,6.750441
-1164.760685,200,7.007374
-874.987994,200,7.273037
-900.220348,200,8.097253
-1075.830102,200,8.350277
-1596.879572,200,8.607599
-1605.685046,200,8.867494
-994.873006,200,9.130403
-1752.650063,200,9.389043
-984.176859,200,9.651811
-901.506795,200,10.47525
-1502.226341,200,10.7298
-1151.620295,200,10.992392
-889.359634,200,11.242375
-1023.40414,200,11.524509
-859.043562,200,11.806673
-1386.329502,200,12.618221
-1205.803923,200,12.866729
-1149.497504,200,13.129696
-1267.794415,200,13.388981
-1177.694661,200,13.646802
-1135.83853,200,13.899758
-1173.150427,200,14.703283
-1410.400987,200,14.955592
-1346.739984,200,15.21964
-1044.05527,200,15.476624
-1186.965472,200,15.735763
-1036.784428,200,15.987299
-1298.543394,200,16.791567
-1319.3672,200,17.047861
-1226.459679,200,17.308338
-1312.321791,200,17.622227
-1832.998055,200,17.8912
-1181.998389,200,18.150295
-1162.275887,200,18.423234
-1165.441357,200,19.234964
-1350.742582,200,19.490124
-1361.232614,200,19.750195
-1190.302061,200,20.010271
-1420.905077,200,20.269296
-1120.830281,200,20.527617
-1293.476644,200,21.349721
-1555.237538,200,21.602785
-1212.339377,200,21.853946
-1539.314619,200,22.114651
-1109.964497,200,22.393384
-1261.960217,200,22.65193
