#{"t_start": 1586182741.6055431, "env_id": "Pendulum-v0"}
r,l,t
-926.483132,200,1.120202
-963.211801,200,1.390121
-1121.760132,200,1.690053
-877.040384,200,2.022803
-890.227781,200,2.37054
-773.894705,200,2.701426
-1623.927498,200,3.71966
-1176.795399,200,4.005206
-1001.077587,200,4.295325
-957.395931,200,4.587074
-967.628882,200,4.873402
-1591.001031,200,5.143444
-1041.701068,200,5.940195
-1669.395416,200,6.214957
-1807.316033,200,6.480661
-1679.296065,200,6.748071
-1034.099696,200,7.004969
-1175.592401,200,7.27092
-1536.391939,200,8.09484
-974.940804,200,8.347868
-1741.322625,200,8.605182
-1502.624001,200,8.865121
-1692.769071,200,9.128028
-975.513514,200,9.386642
-1503.518846,200,9.649473
-897.892522,200,10.472867
-1079.926577,200,10.727483
-1201.575853,200,10.990041
-1743.089898,200,11.23998
-1322.494796,200,11.522114
-1082.886458,200,11.804415
-1187.399521,200,12.61584
-1220.266023,200,12.864336
-1208.773698,200,13.127291
-1141.018537,200,13.386575
-1626.350278,200,13.644519
-1184.478468,200,13.897346
-1139.059144,200,14.70086
-1319.188155,200,14.953175
-1144.51172,200,15.217532
-1218.219856,200,15.474206
-1313.189573,200,15.733351
-1131.29837,200,15.984889
-1244.759593,200,16.789155
-1129.407451,200,17.045446
-1165.390401,200,17.305984
-1422.520822,200,17.619884
-925.238559,200,17.888867
-1099.894046,200,18.147885
-1579.075912,200,18.420832
-1275.153178,200,19.23254
-1245.077636,200,19.487747
-1407.91637,200,19.747826
-1242.775809,200,20.007913
-1220.555163,200,20.267138
-1712.16956,200,20.525203
-1443.203593,200,21.347298
-1174.934229,200,21.600393
-1370.249259,200,21.851577
-1257.470259,200,22.112233
-1339.602021,200,22.390985
-1060.403036,200,22.649513
