#{"t_start": 1586182741.6064942, "env_id": "Pendulum-v0"}
r,l,t
-1059.959406,200,1.119402
-945.379254,200,1.389328
-1294.105693,200,1.689252
-834.647773,200,2.022067
-1365.290223,200,2.369747
-977.403128,200,2.700628
-1470.63655,200,3.71886
-1653.375761,200,4.004408
-859.006149,200,4.294608
-1050.063654,200,4.586272
-1253.43718,200,4.872606
-1293.19691,200,5.142649
-965.162218,200,5.939394
-910.971696,200,6.214157
-1730.643117,200,6.47986
-1141.04973,200,6.747407
-1142.019911,200,7.004166
-1394.295806,200,7.270129
-874.358132,200,8.094041
-1440.147451,200,8.347067
-1103.537861,200,8.60439
-773.487387,200,8.864369
-1231.400509,200,9.127246
-858.795618,200,9.385845
-1351.38825,200,9.648673
-1056.136231,200,10.472067
-989.854643,200,10.726689
-1044.283417,200,10.989245
-1098.417046,200,11.239179
-1396.040753,200,11.521317
-1096.244047,200,11.80364
-1064.718566,200,12.615041
-1200.473049,200,12.86354
-1178.568297,200,13.126518
-1198.375772,200,13.385777
-1202.553053,200,13.643775
-1184.002593,200,13.896545
-1276.452071,200,14.700059
-1689.790792,200,14.952374
-1225.973035,200,15.216745
-1246.618474,200,15.473404
-1172.15873,200,15.732549
-1082.100586,200,15.98409
-1115.481289,200,16.788354
-1266.204268,200,17.044648
-1170.235477,200,17.30519
-1407.91423,200,17.619085
-1083.582309,200,17.888105
-1334.161004,200,18.147083
-1215.770593,200,18.420033
-1213.406953,200,19.231738
-1182.566531,200,19.487009
-1406.319332,200,19.747046
-1289.88714,200,20.007137
-1381.418326,200,20.266334
-1389.779927,200,20.524404
-1075.235135,200,21.346522
-1347.502601,200,21.599617
-1240.855908,200,21.850779
-904.113003,200,22.11143
-1116.050973,200,22.390187
-1099.780802,200,22.64871
