#{"t_start": 1586182741.6084297, "env_id": "Pendulum-v0"}
r,l,t
-1445.624274,200,1.117767
-1679.483397,200,1.387712
-808.407878,200,1.687629
-764.841564,200,2.020518
-1749.438078,200,2.368187
-1287.94193,200,2.698998
-1013.973566,200,3.717228
-1059.238373,200,4.002776
-962.086407,200,4.293134
-755.022947,200,4.584665
-851.029739,200,4.870969
-1651.92109,200,5.141015
-1061.066292,200,5.937762
-1071.012997,200,6.212555
-856.814879,200,6.478224
-1004.22419,200,6.746015
-989.275564,200,7.002532
-933.943573,200,7.268546
-896.214514,200,8.092408
-1809.22745,200,8.345429
-1740.550793,200,8.602823
-857.374924,200,8.862752
-750.211187,200,9.125631
-763.886544,200,9.384218
-1271.415937,200,9.647041
-1020.614701,200,10.470473
-1647.423909,200,10.725076
-1614.397215,200,10.987621
-1216.64438,200,11.237542
-992.427788,200,11.519692
-1385.688126,200,11.802021
-1477.723108,200,12.613406
-1050.732571,200,12.861908
-1148.191994,200,13.124925
-1128.511388,200,13.38415
-1172.177847,200,13.642152
-1028.127425,200,13.894984
-1539.081046,200,14.698433
-1334.872902,200,14.950746
-1027.734153,200,15.21514
-1353.485683,200,15.471764
-1044.712789,200,15.730911
-1207.695771,200,15.982458
-1064.904938,200,16.786718
-1007.79232,200,17.04301
-1129.478104,200,17.303559
-1136.443223,200,17.617451
-1498.082506,200,17.886525
-1154.518726,200,18.145444
-1255.876527,200,18.418396
-1195.86164,200,19.230096
-1296.7607,200,19.485555
-1201.567175,200,19.745417
-1710.254413,200,20.00555
-1241.372114,200,20.264709
-1366.896436,200,20.522769
-1315.440281,200,21.345037
-1056.613624,200,21.598047
-1092.21255,200,21.849156
-1187.265662,200,22.109793
-1079.273152,200,22.38859
-1226.764283,200,22.647073
