Eval mean reward,Eval std,Train walltime (s)
-1247.224720867523,180.06531963838933,22.653831481933594
