#{"t_start": 1586182562.0688, "env_id": "Pendulum-v0"}
r,l,t
-1294.617678,200,0.990808
-1289.914717,200,1.245246
-1313.816552,200,1.498172
-1681.515933,200,1.752057
-1298.391132,200,2.001778
-1575.517893,200,2.252734
-1349.884752,200,3.086871
-1502.709648,200,3.338078
-952.99666,200,3.589127
-1057.687488,200,3.839355
-872.665544,200,4.086938
-1425.12276,200,4.334938
-1684.971959,200,5.115291
-1225.962635,200,5.365
-1234.503197,200,5.613668
-1641.433344,200,5.861955
-1387.815037,200,6.111538
-1069.978951,200,6.360578
-909.64418,200,7.133006
-1331.128599,200,7.382765
-1642.113283,200,7.631518
-1069.732483,200,7.883525
-751.369032,200,8.132063
-1702.668307,200,8.381115
-1077.25849,200,8.62799
-1227.601269,200,9.402945
-1109.743074,200,9.653692
-968.140734,200,9.894568
-1072.446933,200,10.143202
-897.992919,200,10.388693
-895.893989,200,10.638978
-1063.405491,200,11.39209
-1052.489803,200,11.652867
-1160.140486,200,11.915123
-1041.185855,200,12.176532
-1004.014886,200,12.430326
-1112.216182,200,12.688637
-1133.119875,200,13.475143
-1210.338023,200,13.726686
-1030.071709,200,13.98507
-1209.106504,200,14.244096
-1248.152903,200,14.504347
-1024.409835,200,14.762664
-1125.796961,200,15.54065
-1248.830066,200,15.79368
-1377.191476,200,16.045836
-1210.950082,200,16.297023
-1517.004456,200,16.550097
-1158.520004,200,16.797463
-1200.642962,200,17.047984
-1264.521547,200,17.822768
-1231.560647,200,18.076179
-1159.358876,200,18.334388
-1020.285686,200,18.588464
-1494.479362,200,18.841272
-1189.105827,200,19.087543
-1132.133664,200,19.873299
-1212.951695,200,20.114799
-1313.554484,200,20.358788
-1350.93773,200,20.610369
-1089.303875,200,20.859003
-1161.552235,200,21.102986
