#{"t_start": 1586182562.070056, "env_id": "Pendulum-v0"}
r,l,t
-1538.673234,200,0.989757
-871.80703,200,1.244186
-1741.385248,200,1.497115
-1349.348405,200,1.751027
-896.028233,200,2.000713
-1643.780502,200,2.251671
-1192.338041,200,3.085821
-1151.915077,200,3.337009
-1262.897973,200,3.588106
-899.413899,200,3.83829
-1239.030249,200,4.085875
-1755.609005,200,4.333877
-933.964981,200,5.114234
-1825.935819,200,5.363938
-1621.591825,200,5.612603
-1355.242586,200,5.860894
-1462.45183,200,6.11048
-869.034664,200,6.359516
-1447.893855,200,7.131979
-975.162931,200,7.381717
-1178.895266,200,7.630549
-1646.182667,200,7.882476
-1688.540711,200,8.131191
-1718.773582,200,8.380058
-882.660992,200,8.626961
-1172.230413,200,9.401897
-1680.401578,200,9.652638
-1191.927704,200,9.89351
-1685.905552,200,10.142159
-1115.773617,200,10.387633
-1075.647678,200,10.637912
-896.732488,200,11.391138
-1779.537889,200,11.651809
-1016.842372,200,11.914084
-1174.947072,200,12.175472
-1029.218479,200,12.42927
-1195.316285,200,12.687616
-1092.179938,200,13.474077
-1201.676496,200,13.725623
-1379.934931,200,13.984019
-1237.260364,200,14.243078
-1210.165958,200,14.503284
-1176.359511,200,14.761599
-1137.152039,200,15.539587
-1472.172835,200,15.792635
-1354.45157,200,16.04478
-1292.253091,200,16.295966
-1272.646368,200,16.549043
-1174.074916,200,16.796406
-1194.825428,200,17.047025
-1211.902232,200,17.821708
-1142.396922,200,18.075142
-1234.403171,200,18.333345
-1472.460816,200,18.587419
-1146.115138,200,18.840238
-1223.861468,200,19.086487
-1254.623177,200,19.872236
-1031.101146,200,20.113735
-1441.816757,200,20.35778
-1254.753622,200,20.609328
-1185.475029,200,20.85794
-1013.639262,200,21.101924
