#{"t_start": 1586182562.071018, "env_id": "Pendulum-v0"}
r,l,t
-1216.192677,200,0.988957
-1101.399156,200,1.243831
-870.438167,200,1.496316
-1192.080723,200,1.750229
-1282.097395,200,1.999914
-1662.279243,200,2.25088
-1615.749279,200,3.085031
-1473.791582,200,3.336203
-1678.49962,200,3.587308
-780.977249,200,3.837488
-1433.850049,200,4.085071
-1564.129849,200,4.333074
-976.634545,200,5.113433
-1627.940608,200,5.363134
-978.611497,200,5.611799
-1289.930048,200,5.860093
-1513.06239,200,6.109679
-1412.505154,200,6.359071
-1325.137383,200,7.131182
-1028.052989,200,7.380938
-1406.767579,200,7.629785
-979.890047,200,7.881677
-903.955256,200,8.130397
-952.100063,200,8.379256
-979.031436,200,8.626168
-1821.243792,200,9.401124
-1073.776133,200,9.651842
-888.514985,200,9.892712
-1634.889953,200,10.141459
-1328.215771,200,10.38683
-1359.512633,200,10.637105
-975.776307,200,11.390571
-897.633802,200,11.651008
-1329.034855,200,11.913287
-1699.003382,200,12.174669
-1046.509345,200,12.428497
-1174.138839,200,12.686828
-1128.483747,200,13.473343
-1545.932195,200,13.724822
-1113.183841,200,13.983216
-1173.579997,200,14.242278
-1082.332237,200,14.502481
-1163.609104,200,14.760795
-1339.656497,200,15.538782
-1161.641872,200,15.791847
-1207.127586,200,16.044023
-1186.934227,200,16.29518
-1143.049899,200,16.548242
-1293.708562,200,16.795604
-1128.478572,200,17.046228
-994.107742,200,17.820912
-1154.866407,200,18.074357
-1559.761521,200,18.332621
-1137.987546,200,18.586619
-1697.460766,200,18.839439
-1118.0876,200,19.085687
-1259.397399,200,19.871431
-1154.74354,200,20.112942
-1729.995978,200,20.356998
-1381.090307,200,20.608552
-1387.273635,200,20.857136
-1215.908861,200,21.101121
