#{"t_start": 1586182562.0738685, "env_id": "Pendulum-v0"}
r,l,t
-1062.668682,200,0.986566
-760.961538,200,1.241462
-1720.609178,200,1.493918
-1165.342714,200,1.747836
-1486.915511,200,1.997525
-1584.01268,200,2.248516
-1629.617421,200,3.082628
-1819.901887,200,3.333803
-874.644546,200,3.584918
-866.047479,200,3.835123
-1600.997514,200,4.082688
-1541.266153,200,4.330681
-882.020934,200,5.111063
-1660.751248,200,5.360736
-1375.385904,200,5.609401
-960.526704,200,5.857692
-1551.88403,200,6.107306
-1826.407585,200,6.356673
-749.080098,200,7.128796
-1752.341135,200,7.378599
-874.488577,200,7.627511
-1181.59341,200,7.879326
-1185.735526,200,8.128013
-959.188273,200,8.376864
-1870.23061,200,8.623791
-989.844078,200,9.398794
-1186.063504,200,9.649457
-785.471065,200,9.890323
-978.960446,200,10.139242
-1010.821137,200,10.384429
-1052.839228,200,10.634702
-917.395538,200,11.388177
-1039.243555,200,11.648622
-1165.730755,200,11.910975
-1192.968994,200,12.172271
-1156.871554,200,12.42621
-1144.075365,200,12.684516
-1042.32151,200,13.471291
-1043.934603,200,13.722433
-1560.87809,200,13.980906
-1594.796802,200,14.239882
-1083.163149,200,14.500087
-1186.791023,200,14.758398
-1114.221829,200,15.536377
-1118.261564,200,15.789446
-1343.778947,200,16.041629
-1167.253121,200,16.29279
-1231.389086,200,16.545883
-1119.782747,200,16.793206
-1063.931785,200,17.043831
-1232.519635,200,17.818517
-1217.317487,200,18.072036
-1403.155798,200,18.330265
-1180.263625,200,18.584217
-1272.889897,200,18.837128
-1188.485228,200,19.083328
-1164.60857,200,19.869028
-1160.106883,200,20.11055
-1177.255052,200,20.35462
-1181.557549,200,20.606182
-1242.90316,200,20.854735
-1232.776761,200,21.098724
