Eval mean reward,Eval std,Train walltime (s)
-1267.471885803449,123.98691680234724,21.104086875915527
