Eval mean reward,Eval std,Train walltime (s)
-1706.1797491347702,72.85569714912788,19.368281364440918
