Eval mean reward,Eval std,Train walltime (s)
-1477.7400336567264,65.66627954531563,28.164586067199707
