mean reward,std reward (seed),std reward (eval),mean train walltime (s),std train walltime (s)
-1342.9847344520674,94.44247222948906,109.57130960734807,23.71892101764679,0.1648332687557592
