Eval mean reward,Eval std,Train walltime (s)
-1237.0361304092266,207.04376931676228,36.822497844696045
