#{"t_start": 1586177037.124812, "env_id": "Pendulum-v0"}
r,l,t
-1373.100274,200,0.929385
-965.791331,200,1.137748
-1796.790775,200,1.346202
-1275.694222,200,1.55533
-808.885194,200,1.760943
-1546.534593,200,1.970555
-1291.644704,200,2.597755
-1059.349288,200,2.805668
-1046.682468,200,3.009226
-875.060071,200,3.220311
-1176.378458,200,3.429153
-1668.817769,200,3.64284
-864.918106,200,4.218102
-1725.939878,200,4.427506
-1611.612253,200,4.639382
-1188.051977,200,4.849455
-1070.330939,200,5.059046
-1016.142215,200,5.26496
-1464.453413,200,5.8414
-850.973324,200,6.050341
-1180.286135,200,6.259839
-1609.792912,200,6.467681
-1672.477762,200,6.677731
-1571.444636,200,6.884174
-861.319253,200,7.089975
-1031.488803,200,7.669545
-1836.766107,200,7.876461
-1280.67887,200,8.08878
-1872.772403,200,8.296499
-1518.633426,200,8.506333
-1323.868808,200,8.717798
-1314.965514,200,9.283769
-1829.557705,200,9.493988
-1607.618435,200,9.707468
-1558.807675,200,9.916409
-1668.943308,200,10.123065
-1771.586701,200,10.329112
-1432.395047,200,10.903498
-1498.426798,200,11.112197
-1812.528202,200,11.320539
-1372.033909,200,11.528355
-1401.697392,200,11.738697
-1554.534716,200,11.945805
-1698.713224,200,12.524577
-1789.096959,200,12.729222
-1429.792957,200,12.935443
-1442.755195,200,13.142574
-1337.52391,200,13.347707
-1750.016344,200,13.555415
-1309.213228,200,13.762404
-1474.067235,200,14.333423
-1782.465368,200,14.540629
-1534.35991,200,14.744645
-1817.469963,200,14.952231
-1675.271685,200,15.156915
-1184.75523,200,15.368029
-1181.02297,200,15.957229
-1287.014988,200,16.166285
-1779.555866,200,16.370931
-1154.328148,200,16.585884
-1458.006265,200,16.793488
-1670.296268,200,17.000379
