#{"t_start": 1586177037.1280406, "env_id": "Pendulum-v0"}
r,l,t
-1469.155382,200,0.926675
-1077.315877,200,1.134965
-1173.446237,200,1.34342
-1289.522552,200,1.552547
-882.494831,200,1.758159
-756.379161,200,1.967769
-1587.467197,200,2.594974
-1706.211755,200,2.802887
-1207.060805,200,3.006454
-957.9509,200,3.217602
-855.241338,200,3.42638
-1163.09911,200,3.640069
-1159.000218,200,4.215319
-1098.010659,200,4.424721
-1752.4751,200,4.636593
-1637.122125,200,4.846672
-1567.453766,200,5.056313
-1579.043499,200,5.26218
-1547.640306,200,5.83863
-1232.075724,200,6.047565
-1019.229381,200,6.257086
-1611.780463,200,6.464922
-763.882112,200,6.674944
-1714.873184,200,6.881397
-1294.947071,200,7.0872
-1381.065373,200,7.666775
-1304.561386,200,7.873687
-985.085135,200,8.086003
-990.014396,200,8.293725
-1208.209799,200,8.503695
-1626.682745,200,8.715177
-1751.342955,200,9.281089
-1695.206899,200,9.491212
-1528.626427,200,9.704811
-1520.874064,200,9.913642
-1509.697285,200,10.120287
-1389.766703,200,10.326328
-1590.158745,200,10.900729
-1618.471541,200,11.109499
-1400.993008,200,11.317757
-1678.255006,200,11.525571
-1513.565705,200,11.735914
-1550.738408,200,11.943025
-1367.502961,200,12.521866
-1760.925325,200,12.726449
-1803.423205,200,12.932658
-1426.136989,200,13.139805
-1778.969598,200,13.344956
-1280.26215,200,13.5527
-1803.882659,200,13.75966
-1780.408619,200,14.330648
-1732.790904,200,14.537851
-1640.782174,200,14.741906
-1802.833105,200,14.949585
-1534.63641,200,15.15417
-1642.336862,200,15.365283
-1219.31951,200,15.954454
-1104.908294,200,16.163503
-1846.177812,200,16.368157
-1598.723919,200,16.58311
-1618.927791,200,16.790704
-1201.799048,200,16.997609
