Eval mean reward,Eval std,Train walltime (s)
-1531.8970608170355,202.48580327548362,17.0031316280365
