Eval mean reward,Eval std,Train walltime (s)
-1242.980238452708,105.031914968434,21.107550621032715
