#{"t_start": 1586177165.13545, "env_id": "Pendulum-v0"}
r,l,t
-960.310029,200,0.946593
-910.183258,200,1.156453
-1710.323179,200,1.362991
-1295.664883,200,1.578207
-1291.66777,200,1.790683
-1822.415368,200,2.005125
-1800.356151,200,2.614166
-1781.33594,200,2.828757
-829.375269,200,3.040049
-1004.382493,200,3.254611
-1549.372479,200,3.464719
-1714.896625,200,3.672514
-1159.865166,200,4.253435
-1784.780119,200,4.467968
-1506.306925,200,4.676313
-908.223354,200,4.885887
-1597.127339,200,5.096405
-1621.422517,200,5.306729
-977.880843,200,5.913192
-1760.147073,200,6.121961
-975.321544,200,6.33233
-1184.147332,200,6.544534
-1298.967605,200,6.75638
-1095.834488,200,6.966352
-1739.737905,200,7.174385
-1382.23617,200,7.784369
-1470.777896,200,7.995314
-1200.88289,200,8.201246
-1245.359011,200,8.411817
-1298.503303,200,8.622366
-1310.131942,200,8.830278
-954.43364,200,9.398157
-1333.034725,200,9.607196
-1485.248941,200,9.819118
-1684.736088,200,10.025753
-1419.455737,200,10.237533
-1710.981282,200,10.455244
-1612.321159,200,11.037985
-1252.860003,200,11.248021
-1848.505024,200,11.458908
-1827.145753,200,11.667573
-1796.222775,200,11.877882
-1651.330152,200,12.092833
-1686.246964,200,12.668202
-1725.737325,200,12.875629
-1607.394214,200,13.088356
-1725.190713,200,13.292917
-1481.673261,200,13.503856
-1762.246543,200,13.715969
-1685.257163,200,13.924447
-1597.371388,200,14.496157
-1540.854721,200,14.706093
-1753.863256,200,14.916447
-1636.94092,200,15.132642
-1626.922317,200,15.338845
-1683.62582,200,15.550555
-1745.580079,200,16.125723
-1678.639083,200,16.332351
-1681.340871,200,16.545332
-1709.345684,200,16.755797
-1570.119817,200,16.963157
-1708.581422,200,17.168509
