#{"t_start": 1586177165.1373632, "env_id": "Pendulum-v0"}
r,l,t
-1180.36766,200,0.94504
-889.539321,200,1.154938
-1111.896484,200,1.361429
-1085.14056,200,1.576682
-1316.652947,200,1.789122
-760.102031,200,2.00367
-1468.748031,200,2.612606
-1272.858769,200,2.827223
-1522.935881,200,3.038493
-773.545583,200,3.253049
-867.812289,200,3.463168
-1689.199728,200,3.670967
-1825.133819,200,4.251906
-1258.383188,200,4.466409
-1623.387222,200,4.674748
-966.060301,200,4.884345
-1689.596453,200,5.095251
-1112.370681,200,5.305169
-1785.718711,200,5.911679
-1282.290731,200,6.120418
-857.807127,200,6.330772
-873.309717,200,6.542971
-1068.124449,200,6.754819
-1306.993634,200,6.964797
-1322.945716,200,7.172823
-1731.248068,200,7.782851
-1171.08998,200,7.993752
-1216.656551,200,8.19976
-1848.251856,200,8.410255
-630.051136,200,8.620803
-1208.067409,200,8.828724
-1035.771259,200,9.396603
-1358.704926,200,9.605638
-1656.19078,200,9.817561
-1726.878342,200,10.02419
-1389.891301,200,10.236208
-1507.754276,200,10.453689
-1859.218477,200,11.036432
-1502.118289,200,11.246478
-1861.800774,200,11.457361
-1750.588778,200,11.666022
-1387.025018,200,11.876584
-1828.307281,200,12.091276
-1615.006067,200,12.666636
-1605.363945,200,12.874255
-1644.25617,200,13.086814
-1746.488863,200,13.291354
-1606.261276,200,13.502291
-1561.011317,200,13.714409
-1795.436918,200,13.922889
-1640.113783,200,14.494626
-1630.954686,200,14.70455
-1696.682453,200,14.91489
-1691.298436,200,15.131075
-1733.402501,200,15.337298
-1552.823246,200,15.549078
-1686.675018,200,16.124171
-1718.228534,200,16.330861
-1723.963719,200,16.543824
-1434.010159,200,16.754241
-1710.419383,200,16.961612
-1595.039145,200,17.166958
