Eval mean reward,Eval std,Train walltime (s)
-1631.7312195877325,79.53924565075181,17.16966438293457
