mean reward,std reward (seed),std reward (eval),mean train walltime (s),std train walltime (s)
-1341.112436809967,139.6390895048643,155.3141942325989,27.996511149406434,0.2009675425477859
