#{"t_start": 1586177143.736531, "env_id": "Pendulum-v0"}
r,l,t
-750.005121,200,0.936198
-906.893268,200,1.144411
-1739.981514,200,1.354818
-1015.131066,200,1.572407
-1594.647372,200,1.78688
-1608.703752,200,2.003099
-1528.811473,200,2.627203
-1846.908372,200,2.8442
-1085.658845,200,3.055231
-1058.905532,200,3.269436
-1620.716278,200,3.483066
-1485.776151,200,3.69731
-1295.30109,200,4.277384
-1725.809754,200,4.490919
-1197.319686,200,4.703141
-1020.841101,200,4.911716
-1827.110575,200,5.126264
-1814.993569,200,5.340217
-1071.866711,200,5.939194
-1543.150129,200,6.15407
-746.127814,200,6.369055
-1310.855947,200,6.583173
-1346.407433,200,6.795802
-1174.693785,200,7.01234
-1752.506372,200,7.225689
-1370.737538,200,7.803777
-1354.010118,200,8.011096
-1201.633924,200,8.221939
-1200.951506,200,8.431595
-1098.358638,200,8.639417
-1309.139981,200,8.850805
-1423.227935,200,9.431801
-1290.307661,200,9.648251
-1457.927879,200,9.855323
-1728.772228,200,10.069727
-1476.018643,200,10.284701
-1577.562725,200,10.495183
-1351.688641,200,11.070154
-1093.313173,200,11.281574
-1835.000019,200,11.498762
-1753.674222,200,11.712679
-1592.113417,200,11.928405
-1376.893063,200,12.141062
-1368.082791,200,12.718507
-1641.314395,200,12.932327
-1396.158859,200,13.144447
-1676.980769,200,13.354109
-1441.958324,200,13.565162
-1771.165029,200,13.774307
-1713.76383,200,13.991635
-1434.122227,200,14.56626
-1450.784114,200,14.779975
-1852.125398,200,14.990068
-1524.360335,200,15.197998
-1474.106935,200,15.404253
-1573.179212,200,15.611199
-1801.395409,200,16.189562
-1486.914159,200,16.402772
-1609.481326,200,16.617301
-1745.830333,200,16.831374
-1468.598026,200,17.04657
-1727.726832,200,17.257113
