#{"t_start": 1586177143.739303, "env_id": "Pendulum-v0"}
r,l,t
-862.748921,200,0.933924
-1077.442674,200,1.14211
-1708.846971,200,1.352579
-1476.590743,200,1.570103
-785.020019,200,1.784571
-1645.068514,200,2.000832
-1379.656223,200,2.624959
-870.492906,200,2.842078
-1447.939125,200,3.053049
-1202.157438,200,3.267123
-1174.917188,200,3.480752
-1167.709413,200,3.695001
-1178.616212,200,4.275068
-889.819385,200,4.488609
-815.188167,200,4.700842
-792.206271,200,4.909402
-910.449411,200,5.124298
-896.422562,200,5.337946
-810.765273,200,5.936883
-875.035936,200,6.151754
-1690.97107,200,6.366761
-1690.321617,200,6.58087
-1189.97174,200,6.793575
-1585.420613,200,7.010058
-867.334908,200,7.223388
-969.289095,200,7.801466
-1642.204138,200,8.008842
-1090.555408,200,8.219666
-1214.672851,200,8.429291
-971.208364,200,8.637133
-1199.020918,200,8.848657
-1852.049486,200,9.429495
-1566.77494,200,9.646095
-1540.140367,200,9.85302
-1787.242867,200,10.067431
-1444.754347,200,10.282637
-1657.698697,200,10.492864
-1287.557601,200,11.068134
-1681.109574,200,11.279284
-1734.17019,200,11.496455
-1326.249808,200,11.71045
-1290.266845,200,11.926122
-1364.297757,200,12.138765
-1815.612662,200,12.716206
-1801.99043,200,12.930048
-1222.326539,200,13.142193
-1372.21989,200,13.351825
-1819.437024,200,13.562849
-1801.925565,200,13.772141
-1552.358728,200,13.989331
-1548.541936,200,14.563946
-1411.46033,200,14.777702
-1440.228688,200,14.987761
-1754.527932,200,15.195722
-1550.646146,200,15.402342
-1500.296983,200,15.608891
-1450.205847,200,16.187359
-1868.760573,200,16.400482
-1435.663571,200,16.614996
-1782.660882,200,16.829078
-1660.251851,200,17.044401
-1738.952035,200,17.254807
