#{"t_start": 1586177143.7420712, "env_id": "Pendulum-v0"}
r,l,t
-1028.107129,200,0.9316
-841.908042,200,1.139788
-1153.381364,200,1.350312
-754.745196,200,1.567775
-853.32522,200,1.782248
-812.437233,200,1.998554
-1797.557096,200,2.622679
-1181.617795,200,2.839797
-1072.944901,200,3.050943
-899.871449,200,3.264804
-1113.180323,200,3.478453
-1753.641565,200,3.692689
-865.290685,200,4.272738
-1481.010157,200,4.486303
-1666.306931,200,4.698523
-1832.774975,200,4.907118
-881.438612,200,5.121979
-1169.135321,200,5.335628
-1629.518246,200,5.934566
-1062.078701,200,6.149425
-1789.471581,200,6.364464
-1437.028443,200,6.578749
-1596.816454,200,6.791294
-1219.294057,200,7.007859
-1636.236799,200,7.221082
-883.223767,200,7.799158
-838.032611,200,8.006585
-1464.012931,200,8.217358
-1750.80611,200,8.426997
-1525.902467,200,8.634813
-1175.205697,200,8.846396
-1237.667911,200,9.427209
-1226.111632,200,9.64409
-1437.698393,200,9.850702
-1690.587178,200,10.06514
-1804.305285,200,10.280328
-1865.904664,200,10.490547
-1226.338473,200,11.065948
-1784.538368,200,11.27697
-1092.763956,200,11.49414
-1278.320213,200,11.708233
-1355.527344,200,11.923806
-1314.513351,200,12.136452
-1241.564166,200,12.713891
-1635.935562,200,12.927724
-1520.487612,200,13.139925
-1701.038398,200,13.349538
-1591.520946,200,13.560528
-1745.633102,200,13.769833
-1836.413695,200,13.987042
-1387.550128,200,14.56163
-1612.62449,200,14.775386
-1796.852379,200,14.985442
-1616.847407,200,15.193441
-1612.898815,200,15.400054
-1882.922969,200,15.606562
-1875.746329,200,16.185144
-1575.524287,200,16.398166
-1478.52787,200,16.612679
-1420.96222,200,16.826762
-1479.071448,200,17.04214
-1451.133527,200,17.252486
