Eval mean reward,Eval std,Train walltime (s)
-1579.8891015415172,162.78266175996515,17.258997917175293
