Eval mean reward,Train walltime (s)
19.947298708976692,452.11802530288696
