Eval mean reward,Eval std,Train walltime (s)
-1157.3282705801028,186.8001296058907,18.158074855804443
