Eval mean reward,Eval std,Train walltime (s)
-1302.9837971693626,103.55375856764174,23.69642925262451
