Eval mean reward,Eval std,Train walltime (s)
-1256.126104963083,102.35545100441587,36.72794818878174
