Eval mean reward,Eval std,Train walltime (s)
-1780.2324011555081,88.14089645473709,20.93990683555603
