#{"t_start": 1586176489.5207877, "env_id": "Pendulum-v0"}
r,l,t
-966.261014,200,0.938418
-755.269975,200,1.133675
-999.198305,200,1.325623
-1205.499203,200,1.52245
-1384.635443,200,1.717552
-1022.335149,200,1.910526
-1468.093871,200,2.103887
-1367.185267,200,2.709582
-1484.596194,200,2.903532
-1140.254781,200,3.097085
-854.636673,200,3.297434
-1340.586142,200,3.493707
-1683.826501,200,3.690128
-1298.466234,200,3.888134
-1651.603593,200,4.456049
-1067.685452,200,4.651798
-1820.899814,200,4.849189
-1073.468063,200,5.043759
-1797.782767,200,5.240232
-886.744185,200,5.432989
-1004.333285,200,5.635413
-898.31813,200,6.194965
-1056.676322,200,6.389601
-1229.367531,200,6.584575
-1263.401114,200,6.77659
-1821.294317,200,6.972765
-975.882236,200,7.16862
-1332.148366,200,7.359078
-1741.736209,200,7.944773
-1205.835171,200,8.144905
-1290.963107,200,8.342582
-1433.494458,200,8.534458
-1443.625346,200,8.725724
-1642.649209,200,8.924189
-1785.481526,200,9.121191
-1318.622868,200,9.683388
-1417.888153,200,9.87833
-1844.963374,200,10.073026
-1533.721446,200,10.267902
-1778.740802,200,10.4602
-1763.083835,200,10.660768
-1473.022348,200,10.859999
-1841.748489,200,11.434914
-1458.249117,200,11.632009
-1642.263773,200,11.830262
-1274.278173,200,12.029905
-1723.772668,200,12.226759
-1647.811131,200,12.422945
-1542.167657,200,12.617177
-1823.750083,200,13.183387
-1722.67242,200,13.382897
-1638.705797,200,13.572589
-1718.990143,200,13.768743
-1716.889393,200,13.967074
-1707.494942,200,14.163783
-1468.372904,200,14.359131
-1663.518183,200,14.556961
-1742.98665,200,15.124427
-1625.693355,200,15.316522
-1259.686031,200,15.512645
-1711.487283,200,15.709489
-1534.59116,200,15.908181
-1480.455962,200,16.101228
-1606.002563,200,16.294836
-1629.035414,200,16.877493
-1496.34606,200,17.075027
-1537.662808,200,17.273211
-1759.561052,200,17.469273
-1707.40836,200,17.665552
-1512.195719,200,17.866576
-1784.310915,200,18.064398
