Eval mean reward,Eval std,Train walltime (s)
-1620.747844992257,115.879735825571,18.07000732421875
