Eval mean reward,Eval std,Train walltime (s)
-1242.7294669256605,190.93341502358209,23.61327314376831
