Eval mean reward,Eval std,Train walltime (s)
-1293.0899115209095,87.83128360756828,23.432459354400635
