Eval mean reward,Eval std,Train walltime (s)
-1378.826368342691,91.51005322100632,27.828655242919922
