#{"t_start": 1586176467.3228135, "env_id": "Pendulum-v0"}
r,l,t
-1353.725858,200,0.93653
-1068.16034,200,1.131167
-1711.973049,200,1.326616
-1184.678496,200,1.522393
-764.500456,200,1.718376
-1705.64848,200,1.919801
-1172.541752,200,2.117022
-1070.65756,200,2.72326
-1162.468321,200,2.920071
-961.636798,200,3.116115
-956.833831,200,3.31798
-1627.836157,200,3.514845
-1072.441074,200,3.710755
-1660.886475,200,3.905954
-1728.866284,200,4.461301
-1280.575225,200,4.660554
-1294.632504,200,4.856225
-983.634298,200,5.054673
-1290.859798,200,5.253183
-1074.280394,200,5.450819
-1546.883806,200,5.646303
-1797.497901,200,6.189505
-1739.78192,200,6.39012
-1719.282804,200,6.589561
-1219.677536,200,6.788076
-1173.359132,200,6.983998
-1841.582325,200,7.179772
-1185.32181,200,7.379634
-1685.366338,200,7.941723
-1423.49079,200,8.136439
-1393.141839,200,8.334913
-1245.298699,200,8.525733
-1765.027934,200,8.722155
-1307.985364,200,8.921287
-1442.982791,200,9.121779
-1454.490444,200,9.695284
-1705.695691,200,9.899631
-1417.566724,200,10.094079
-1564.939842,200,10.293077
-1815.698446,200,10.493571
-1503.237399,200,10.693534
-1479.268597,200,10.890702
-1688.86032,200,11.475766
-1684.44365,200,11.672475
-1867.226393,200,11.870615
-1312.602146,200,12.062027
-1602.78905,200,12.259673
-1604.288029,200,12.45992
-1679.983472,200,12.65645
-1419.600178,200,13.223259
-1408.118181,200,13.418051
-1791.851368,200,13.612672
-1411.263194,200,13.807617
-1713.736148,200,14.003738
-1707.064683,200,14.201629
-1619.021475,200,14.395711
-1148.5814,200,14.590165
-1425.821509,200,15.152347
-1758.506775,200,15.344021
-1272.363628,200,15.542017
-1297.581832,200,15.743072
-1492.40041,200,15.943072
-1608.183483,200,16.138426
-1409.94654,200,16.338581
-895.213789,200,16.891922
-864.877675,200,17.091601
-1177.118369,200,17.285941
-1041.443912,200,17.483018
-1100.905369,200,17.679009
-1036.280365,200,17.875097
-905.211056,200,18.073839
