#{"t_start": 1586176467.324653, "env_id": "Pendulum-v0"}
r,l,t
-1075.841643,200,0.934996
-999.116059,200,1.129638
-1004.508408,200,1.325078
-1122.645352,200,1.520865
-1076.249652,200,1.716863
-1166.080124,200,1.918268
-1450.900779,200,2.115493
-1069.610497,200,2.721731
-831.569845,200,2.918544
-761.928959,200,3.114587
-1068.027805,200,3.316482
-1512.162494,200,3.513321
-1172.974458,200,3.70922
-815.977234,200,3.904518
-1558.398097,200,4.45978
-1715.777893,200,4.65905
-1026.437204,200,4.854723
-1235.880278,200,5.053463
-1635.131103,200,5.251749
-1568.621844,200,5.449295
-1067.921921,200,5.644782
-1213.373898,200,6.188061
-1516.441309,200,6.388602
-1469.285836,200,6.588037
-1622.08066,200,6.786548
-1422.704751,200,6.982475
-1498.035487,200,7.178245
-1220.724645,200,7.378106
-1135.369413,200,7.9402
-1305.391843,200,8.134923
-1753.110622,200,8.333383
-1326.024148,200,8.524327
-1404.96906,200,8.720627
-1246.613503,200,8.91976
-1702.597697,200,9.120343
-1823.66998,200,9.693768
-1733.492869,200,9.898108
-1570.752004,200,10.092811
-1436.248807,200,10.29155
-1636.462779,200,10.492152
-1824.95306,200,10.692012
-1756.403621,200,10.889169
-1564.730342,200,11.474261
-1835.6227,200,11.670955
-1211.845382,200,11.869084
-1196.669992,200,12.060513
-1553.927072,200,12.258221
-1826.178673,200,12.458399
-1867.076879,200,12.654923
-1808.030596,200,13.221731
-1432.0753,200,13.416558
-1710.091659,200,13.611141
-1454.288448,200,13.806115
-1823.401898,200,14.00221
-1663.843178,200,14.200098
-1715.289791,200,14.394178
-1233.432334,200,14.588705
-1349.198792,200,15.15108
-1674.680247,200,15.342504
-1608.68624,200,15.540517
-1361.741436,200,15.741539
-1505.03137,200,15.94154
-1655.123443,200,16.136904
-1399.424026,200,16.337049
-1422.357501,200,16.890441
-1374.880323,200,17.090074
-876.60734,200,17.284455
-897.302581,200,17.48156
-1425.014993,200,17.67749
-1009.77451,200,17.873577
-1263.647286,200,18.072335
