#{"t_start": 1586176467.3265007, "env_id": "Pendulum-v0"}
r,l,t
-1020.776901,200,0.933443
-1016.022186,200,1.128091
-1587.007562,200,1.323535
-860.351246,200,1.519318
-1473.827562,200,1.715341
-1684.123754,200,1.916713
-1688.689409,200,2.113945
-1813.884074,200,2.720181
-752.12382,200,2.917037
-969.397042,200,3.11304
-1682.239028,200,3.314932
-1516.203902,200,3.511775
-1183.905918,200,3.707667
-1638.06702,200,3.903021
-1412.497053,200,4.458238
-747.526454,200,4.657502
-1575.801611,200,4.853202
-1781.639428,200,5.051921
-871.3718,200,5.250251
-1802.799369,200,5.447749
-1068.213411,200,5.64324
-1171.434817,200,6.186738
-1452.825834,200,6.387096
-1297.35015,200,6.586516
-1868.003006,200,6.785002
-1350.413357,200,6.980925
-1304.895563,200,7.176702
-1012.861652,200,7.376556
-1169.916799,200,7.938661
-1101.230019,200,8.133389
-1344.834642,200,8.331832
-1156.137149,200,8.522827
-1173.622484,200,8.719081
-1249.6621,200,8.918212
-1494.591173,200,9.118804
-1437.177155,200,9.692224
-1679.280944,200,9.896589
-1678.482241,200,10.091256
-1260.5722,200,10.29
-1834.021793,200,10.490636
-1870.011308,200,10.690493
-1808.523055,200,10.887616
-1541.60754,200,11.472739
-1567.947152,200,11.669428
-1652.208188,200,11.867532
-1536.106282,200,12.058963
-1684.943905,200,12.256715
-1417.025211,200,12.456861
-1771.084027,200,12.653379
-1757.817036,200,13.220182
-1422.368895,200,13.415014
-1315.148237,200,13.609594
-1873.164101,200,13.804578
-1503.051254,200,14.000695
-1487.46312,200,14.198575
-1653.300811,200,14.392631
-1777.123941,200,14.587164
-1618.875001,200,15.149538
-1421.017128,200,15.340957
-1649.998273,200,15.538965
-1102.148965,200,15.739988
-1536.82365,200,15.939988
-965.675243,200,16.13536
-954.108482,200,16.335531
-1582.101697,200,16.888953
-1407.451345,200,17.08853
-1613.817669,200,17.282908
-995.884797,200,17.480115
-974.677638,200,17.675948
-1048.605776,200,17.872035
-1130.89166,200,18.070791
