Eval mean reward,Eval std,Train walltime (s)
-1161.53055692125,216.4531091381926,18.075631141662598
