Eval mean reward,Eval std,Train walltime (s)
-1063.8284539479575,273.7124062598823,61.389708042144775
