Eval mean reward,Eval std,Train walltime (s)
-1123.5184014238498,309.5752047511213,79.98693895339966
