Eval mean reward,Eval std,Train walltime (s)
-1327.971693851431,133.75050581999037,60.84194803237915
