Eval mean reward,Eval std,Train walltime (s)
-1085.369092484276,168.79640470770815,36.48532700538635
